34,1,34.171,0.676,-33.495,0.997,0.002,0.003
48,1,32.524,0.792,-31.731,0.993,0.003,0.005
55,1,32.656,0.83,-31.826,0.993,0.004,0.005
60,1,17.913,0.769,-17.144,0.911,0.07,0.109
61,1,20.14,0.796,-19.344,0.921,0.061,0.095
69,1,19.636,0.752,-18.883,0.922,0.061,0.094
94,1,31.686,0.699,-30.987,0.994,0.003,0.005
98,1,34.39,0.809,-33.582,0.995,0.003,0.004
104,1,15.949,0.727,-15.223,0.901,0.078,0.123
119,1,17.918,0.816,-17.102,0.909,0.071,0.112
127,1,19.063,0.722,-18.341,0.919,0.063,0.098
139,1,18.834,0.691,-18.143,0.92,0.063,0.098
150,1,18.553,0.709,-17.844,0.917,0.065,0.101
165,1,18.21,0.833,-17.377,0.91,0.07,0.11
168,1,17.992,0.811,-17.181,0.91,0.071,0.111
171,1,34.702,0.824,-33.878,0.995,0.003,0.004
186,1,34.86,0.928,-33.932,0.993,0.003,0.004
197,1,31.686,0.699,-30.988,0.994,0.003,0.004
206,1,35.529,0.745,-34.785,0.996,0.002,0.003
216,1,30.167,0.699,-29.469,0.993,0.004,0.006
220,1,21.398,0.763,-20.635,0.936,0.049,0.076
231,1,19.354,0.714,-18.64,0.92,0.063,0.097
237,1,19.129,0.834,-18.295,0.914,0.067,0.105
297,1,16.825,0.775,-16.05,0.905,0.075,0.118
318,1,20.625,0.838,-19.787,0.922,0.061,0.094
329,1,17.933,0.89,-17.043,0.907,0.073,0.114
337,1,32.431,0.742,-31.688,0.994,0.003,0.004
340,1,19.312,0.822,-18.49,0.911,0.07,0.11
348,1,19.117,0.729,-18.388,0.918,0.064,0.1
354,1,24.091,0.737,-23.354,0.949,0.039,0.06
373,1,17.987,0.769,-17.218,0.911,0.07,0.109
403,1,26.819,0.833,-25.986,0.954,0.035,0.052
406,1,19.167,0.812,-18.355,0.915,0.066,0.103
408,1,19.083,0.816,-18.267,0.915,0.067,0.104
430,1,19.164,0.746,-18.417,0.918,0.065,0.1
433,1,20.62,0.797,-19.823,0.923,0.06,0.092
437,1,20.145,0.837,-19.308,0.92,0.062,0.097
445,1,18.553,0.709,-17.844,0.917,0.065,0.101
452,1,20.625,0.838,-19.787,0.922,0.061,0.094
