AF017113.1_cds_AAC67279.1_1_YVMC	CP101931.1	100.000	747	1	747	3458034	3457288	0.0	1380
AF017113.1_cds_AAC67279.1_1_YVMC	CP101930.1	100.000	747	1	747	3458033	3457287	0.0	1380
AF017113.1_cds_AAC67279.1_1_YVMC	CP101936.1	100.000	747	1	747	3458034	3457288	0.0	1380
AF017113.1_cds_AAC67279.1_1_YVMC	CP136919.1	100.000	747	1	747	426817	426071	0.0	1380
AF017113.1_cds_AAC67279.1_1_YVMC	CP045825.1	100.000	747	1	747	3535370	3534624	0.0	1380
AF017113.1_cds_AAC67279.1_1_YVMC	CP187656.1	100.000	747	1	747	3654320	3653574	0.0	1380
AF017113.1_cds_AAC67279.1_1_YVMC	CP160396.1	100.000	747	1	747	620430	621176	0.0	1380
AF017113.1_cds_AAC67279.1_1_YVMC	CP185918.1	100.000	747	1	747	3427183	3426437	0.0	1380
AF017113.1_cds_AAC67279.1_1_YVMC	CP101290.1	100.000	747	1	747	3475534	3474788	0.0	1380
AF017113.1_cds_AAC67279.1_1_YVMC	CP129123.1	100.000	747	1	747	3451255	3450509	0.0	1380
AF017113.1_cds_AAC67279.1_1_YVMC	CP014858.1	100.000	747	1	747	617227	617973	0.0	1380
AF017113.1_cds_AAC67279.1_1_YVMC	AP028964.1	100.000	747	1	747	627559	628305	0.0	1380
AF017113.1_cds_AAC67279.1_1_YVMC	CP133653.1	100.000	747	1	747	3443592	3442846	0.0	1380
AF017113.1_cds_AAC67279.1_1_YVMC	CP093289.1	100.000	747	1	747	3544899	3544153	0.0	1380
AF017113.1_cds_AAC67279.1_1_YVMC	CP031693.1	100.000	747	1	747	23281	22535	0.0	1380
AF017113.1_cds_AAC67279.1_1_YVMC	CP003695.1	100.000	747	1	747	620431	621177	0.0	1380
AF017113.1_cds_AAC67279.1_1_YVMC	CP029461.2	100.000	747	1	747	3376845	3376099	0.0	1380
AF017113.1_cds_AAC67279.1_1_YVMC	CP069238.1	100.000	747	1	747	3647388	3646642	0.0	1380
AF017113.1_cds_AAC67279.1_1_YVMC	CP031675.1	100.000	747	1	747	3428590	3427844	0.0	1380
AF017113.1_cds_AAC67279.1_1_YVMC	CP110105.1	100.000	747	1	747	2245276	2244530	0.0	1380
AF017113.1_cds_AAC67279.1_1_YVMC	CP173415.1	100.000	747	1	747	3544398	3543652	0.0	1380
AF017113.1_cds_AAC67279.1_1_YVMC	CP123977.1	100.000	747	1	747	3468860	3468114	0.0	1380
AF017113.1_cds_AAC67279.1_1_YVMC	CP092631.1	100.000	747	1	747	3602951	3602205	0.0	1380
AF017113.1_cds_AAC67279.1_1_YVMC	OX419557.1	100.000	747	1	747	3616728	3615982	0.0	1380
AF017113.1_cds_AAC67279.1_1_YVMC	CP054177.1	100.000	747	1	747	3473667	3472921	0.0	1380
AF017113.1_cds_AAC67279.1_1_YVMC	CP187546.1	100.000	747	1	747	3439891	3439145	0.0	1380
AF017113.1_cds_AAC67279.1_1_YVMC	CP149444.1	100.000	747	1	747	3465666	3464920	0.0	1380
AF017113.1_cds_AAC67279.1_1_YVMC	CP017112.1	100.000	747	1	747	3552453	3551707	0.0	1380
AF017113.1_cds_AAC67279.1_1_YVMC	OX419645.1	100.000	747	1	747	3505339	3504593	0.0	1380
AF017113.1_cds_AAC67279.1_1_YVMC	CP143526.1	100.000	747	1	747	2393974	2393228	0.0	1380
AF017113.1_cds_AAC67279.1_1_YVMC	CP076445.1	100.000	747	1	747	3470710	3469964	0.0	1380
AF017113.1_cds_AAC67279.1_1_YVMC	CP162517.1	100.000	747	1	747	3605948	3605202	0.0	1380
AF017113.1_cds_AAC67279.1_1_YVMC	CP035161.1	100.000	747	1	747	3517869	3517123	0.0	1380
AF017113.1_cds_AAC67279.1_1_YVMC	CP069239.1	100.000	747	1	747	1280697	1281443	0.0	1380
AF017113.1_cds_AAC67279.1_1_YVMC	CP075344.1	100.000	747	1	747	3604094	3603348	0.0	1380
AF017113.1_cds_AAC67279.1_1_YVMC	CP035394.1	100.000	747	1	747	3427983	3427237	0.0	1380
AF017113.1_cds_AAC67279.1_1_YVMC	CP015004.1	100.000	747	1	747	3584163	3583417	0.0	1380
AF017113.1_cds_AAC67279.1_1_YVMC	OX419580.1	100.000	747	1	747	3696425	3695679	0.0	1380
AF017113.1_cds_AAC67279.1_1_YVMC	CP106791.1	100.000	747	1	747	3668320	3667574	0.0	1380
AF017113.1_cds_AAC67279.1_1_YVMC	AP024623.1	100.000	747	1	747	3573182	3572436	0.0	1380
AF017113.1_cds_AAC67279.1_1_YVMC	CP032310.1	100.000	747	1	747	3604191	3603445	0.0	1380
AF017113.1_cds_AAC67279.1_1_YVMC	CP159874.1	100.000	747	1	747	771460	772206	0.0	1380
AF017113.1_cds_AAC67279.1_1_YVMC	CP064094.1	100.000	747	1	747	2081559	2082305	0.0	1380
AF017113.1_cds_AAC67279.1_1_YVMC	CP195112.1	100.000	747	1	747	3651988	3651242	0.0	1380
AF017113.1_cds_AAC67279.1_1_YVMC	AP012496.1	100.000	747	1	747	3432094	3431348	0.0	1380
AF017113.1_cds_AAC67279.1_1_YVMC	CP064093.1	100.000	747	1	747	1665277	1666023	0.0	1380
AF017113.1_cds_AAC67279.1_1_YVMC	OX419570.1	100.000	747	1	747	3547490	3546744	0.0	1380
AF017113.1_cds_AAC67279.1_1_YVMC	CP051466.1	100.000	747	1	747	3446521	3445775	0.0	1380
AF017113.1_cds_AAC67279.1_1_YVMC	CP008698.1	100.000	747	1	747	3582605	3581859	0.0	1380
AF017113.1_cds_AAC67279.1_1_YVMC	CP011115.1	100.000	747	1	747	3604568	3603822	0.0	1380
AF017113.1_cds_AAC67279.1_1_YVMC	OX419563.1	100.000	747	1	747	3604271	3603525	0.0	1380
AF017113.1_cds_AAC67279.1_1_YVMC	AF017113.1	100.000	747	1	747	23756	24502	0.0	1380
AF017113.1_cds_AAC67279.1_1_YVMC	CP045672.1	100.000	747	1	747	3629355	3628609	0.0	1380
AF017113.1_cds_AAC67279.1_1_YVMC	CP035230.1	100.000	747	1	747	3435504	3434758	0.0	1380
AF017113.1_cds_AAC67279.1_1_YVMC	CP060710.1	100.000	747	1	747	3604609	3603863	0.0	1380
AF017113.1_cds_AAC67279.1_1_YVMC	CP006881.1	100.000	747	1	747	3422421	3421675	0.0	1380
AF017113.1_cds_AAC67279.1_1_YVMC	CP125981.1	100.000	747	1	747	3499155	3498409	0.0	1380
AF017113.1_cds_AAC67279.1_1_YVMC	CP120681.2	100.000	747	1	747	3604156	3603410	0.0	1380
AF017113.1_cds_AAC67279.1_1_YVMC	CP015375.1	100.000	747	1	747	1007568	1008314	0.0	1380
AF017113.1_cds_AAC67279.1_1_YVMC	CP080629.1	100.000	747	1	747	3485147	3484401	0.0	1380
AF017113.1_cds_AAC67279.1_1_YVMC	CP031129.1	100.000	747	1	747	3438709	3437963	0.0	1380
AF017113.1_cds_AAC67279.1_1_YVMC	CP183238.1	100.000	747	1	747	3493539	3492793	0.0	1380
AF017113.1_cds_AAC67279.1_1_YVMC	CP139440.1	100.000	747	1	747	3604237	3603491	0.0	1380
AF017113.1_cds_AAC67279.1_1_YVMC	AP019714.1	100.000	747	1	747	3599870	3599124	0.0	1380
AF017113.1_cds_AAC67279.1_1_YVMC	CP103351.1	100.000	747	1	747	3538606	3537860	0.0	1380
AF017113.1_cds_AAC67279.1_1_YVMC	CP172966.1	100.000	747	1	747	450822	451568	0.0	1380
AF017113.1_cds_AAC67279.1_1_YVMC	CP159912.1	100.000	747	1	747	771669	772415	0.0	1380
AF017113.1_cds_AAC67279.1_1_YVMC	CP050532.1	100.000	747	1	747	3601422	3600676	0.0	1380
AF017113.1_cds_AAC67279.1_1_YVMC	CP046592.1	100.000	747	1	747	3499142	3498396	0.0	1380
AF017113.1_cds_AAC67279.1_1_YVMC	CP132912.1	100.000	747	1	747	3373700	3372954	0.0	1380
AF017113.1_cds_AAC67279.1_1_YVMC	CP007800.1	100.000	747	1	747	3577334	3576588	0.0	1380
AF017113.1_cds_AAC67279.1_1_YVMC	CP101937.1	100.000	747	1	747	3535726	3534980	0.0	1380
AF017113.1_cds_AAC67279.1_1_YVMC	CP028215.1	100.000	747	1	747	1618680	1617934	0.0	1380
AF017113.1_cds_AAC67279.1_1_YVMC	LN649259.1	100.000	747	1	747	3640612	3639866	0.0	1380
AF017113.1_cds_AAC67279.1_1_YVMC	CP058242.1	100.000	747	1	747	3604573	3603827	0.0	1380
AF017113.1_cds_AAC67279.1_1_YVMC	CP045922.1	100.000	747	1	747	3604156	3603410	0.0	1380
AF017113.1_cds_AAC67279.1_1_YVMC	LN680001.1	100.000	747	1	747	3622575	3621829	0.0	1380
AF017113.1_cds_AAC67279.1_1_YVMC	CP010314.1	100.000	747	1	747	3584062	3583316	0.0	1380
AF017113.1_cds_AAC67279.1_1_YVMC	CP102769.1	100.000	747	1	747	3604162	3603416	0.0	1380
AF017113.1_cds_AAC67279.1_1_YVMC	CP170734.1	100.000	747	1	747	3604250	3603504	0.0	1380
AF017113.1_cds_AAC67279.1_1_YVMC	CP047325.1	100.000	747	1	747	903178	902432	0.0	1380
AF017113.1_cds_AAC67279.1_1_YVMC	CP157084.1	100.000	747	1	747	3613226	3612480	0.0	1380
AF017113.1_cds_AAC67279.1_1_YVMC	CP022391.1	100.000	747	1	747	3604567	3603821	0.0	1380
AF017113.1_cds_AAC67279.1_1_YVMC	OX419575.1	100.000	747	1	747	3492048	3491302	0.0	1380
AF017113.1_cds_AAC67279.1_1_YVMC	CP120598.2	100.000	747	1	747	3529035	3528289	0.0	1380
AF017113.1_cds_AAC67279.1_1_YVMC	CP017312.1	100.000	747	1	747	3606905	3606159	0.0	1380
AF017113.1_cds_AAC67279.1_1_YVMC	CP149576.1	100.000	747	1	747	3599791	3599045	0.0	1380
AF017113.1_cds_AAC67279.1_1_YVMC	OX419565.1	100.000	747	1	747	3451888	3451142	0.0	1380
AF017113.1_cds_AAC67279.1_1_YVMC	CP118167.1	100.000	747	1	747	3637240	3636494	0.0	1380
AF017113.1_cds_AAC67279.1_1_YVMC	CP147410.1	100.000	747	1	747	2014077	2014823	0.0	1380
AF017113.1_cds_AAC67279.1_1_YVMC	CP187577.1	100.000	747	1	747	3599797	3599051	0.0	1380
AF017113.1_cds_AAC67279.1_1_YVMC	CP054050.1	100.000	747	1	747	622879	623625	0.0	1380
AF017113.1_cds_AAC67279.1_1_YVMC	CP010053.1	100.000	747	1	747	3604333	3603587	0.0	1380
AF017113.1_cds_AAC67279.1_1_YVMC	CP033205.1	100.000	747	1	747	3465177	3464431	0.0	1380
AF017113.1_cds_AAC67279.1_1_YVMC	CP125762.1	100.000	747	1	747	646215	646961	0.0	1380
AF017113.1_cds_AAC67279.1_1_YVMC	CP137756.1	100.000	747	1	747	3604155	3603409	0.0	1380
AF017113.1_cds_AAC67279.1_1_YVMC	AP024627.1	100.000	747	1	747	3576736	3575990	0.0	1380
AF017113.1_cds_AAC67279.1_1_YVMC	AP024628.1	100.000	747	1	747	3599602	3598856	0.0	1380
AF017113.1_cds_AAC67279.1_1_YVMC	CP045812.1	100.000	747	1	747	3604155	3603409	0.0	1380
AF017113.1_cds_AAC67279.1_1_YVMC	CP178213.1	100.000	747	1	747	612857	613603	0.0	1380
AF017113.1_cds_AAC67279.1_1_YVMC	CP082924.1	100.000	747	1	747	3604160	3603414	0.0	1380
AF017113.1_cds_AAC67279.1_1_YVMC	CP133412.1	100.000	747	1	747	3402222	3401476	0.0	1380
AF017113.1_cds_AAC67279.1_1_YVMC	OX419567.1	100.000	747	1	747	3490207	3489461	0.0	1380
AF017113.1_cds_AAC67279.1_1_YVMC	CP104962.1	100.000	747	1	747	2335656	2336402	0.0	1380
AF017113.1_cds_AAC67279.1_1_YVMC	CP035166.1	100.000	747	1	747	3497223	3496477	0.0	1380
AF017113.1_cds_AAC67279.1_1_YVMC	CP051465.1	100.000	747	1	747	3446320	3445574	0.0	1380
AF017113.1_cds_AAC67279.1_1_YVMC	CP064095.1	100.000	747	1	747	2570407	2571153	0.0	1380
AF017113.1_cds_AAC67279.1_1_YVMC	CP150487.1	100.000	747	1	747	3604168	3603422	0.0	1380
AF017113.1_cds_AAC67279.1_1_YVMC	CP003329.1	100.000	747	1	747	3604548	3603802	0.0	1380
AF017113.1_cds_AAC67279.1_1_YVMC	CP015975.1	100.000	747	1	747	3265879	3265133	0.0	1380
AF017113.1_cds_AAC67279.1_1_YVMC	AP024626.1	100.000	747	1	747	3571994	3571248	0.0	1380
AF017113.1_cds_AAC67279.1_1_YVMC	CP151685.1	100.000	747	1	747	3604169	3603423	0.0	1380
AF017113.1_cds_AAC67279.1_1_YVMC	OX419551.1	100.000	747	1	747	3493553	3492807	0.0	1380
AF017113.1_cds_AAC67279.1_1_YVMC	AP024625.1	100.000	747	1	747	3570644	3569898	0.0	1380
AF017113.1_cds_AAC67279.1_1_YVMC	CP066380.1	100.000	747	1	747	3563225	3562479	0.0	1380
AF017113.1_cds_AAC67279.1_1_YVMC	CP028212.1	100.000	747	1	747	3332690	3333436	0.0	1380
AF017113.1_cds_AAC67279.1_1_YVMC	CP047485.1	100.000	747	1	747	3497029	3496283	0.0	1380
AF017113.1_cds_AAC67279.1_1_YVMC	CP163458.1	100.000	747	1	747	3873199	3872453	0.0	1380
AF017113.1_cds_AAC67279.1_1_YVMC	CP120622.2	100.000	747	1	747	3529041	3528295	0.0	1380
AF017113.1_cds_AAC67279.1_1_YVMC	OX419576.1	100.000	747	1	747	3456879	3456133	0.0	1380
AF017113.1_cds_AAC67279.1_1_YVMC	CP112873.1	100.000	747	1	747	3606374	3605628	0.0	1380
AF017113.1_cds_AAC67279.1_1_YVMC	CP130597.1	100.000	747	1	747	3604607	3603861	0.0	1380
AF017113.1_cds_AAC67279.1_1_YVMC	OX419569.1	100.000	747	1	747	3649885	3649139	0.0	1380
AF017113.1_cds_AAC67279.1_1_YVMC	CP125660.1	100.000	747	1	747	3604179	3603433	0.0	1380
AF017113.1_cds_AAC67279.1_1_YVMC	AP024624.1	100.000	747	1	747	3570359	3569613	0.0	1380
AF017113.1_cds_AAC67279.1_1_YVMC	CP127089.1	100.000	747	1	747	3402223	3401477	0.0	1380
AF017113.1_cds_AAC67279.1_1_YVMC	CP020915.1	100.000	747	1	747	1967459	1966713	0.0	1380
AF017113.1_cds_AAC67279.1_1_YVMC	CP045821.1	100.000	747	1	747	3585384	3584638	0.0	1380
AF017113.1_cds_AAC67279.1_1_YVMC	AP024621.1	100.000	747	1	747	3586477	3585731	0.0	1380
AF017113.1_cds_AAC67279.1_1_YVMC	CP065789.1	100.000	747	1	747	3604169	3603423	0.0	1380
AF017113.1_cds_AAC67279.1_1_YVMC	CP014166.1	100.000	747	1	747	3445245	3444499	0.0	1380
AF017113.1_cds_AAC67279.1_1_YVMC	CP064096.1	100.000	747	1	747	34777	35523	0.0	1380
AF017113.1_cds_AAC67279.1_1_YVMC	CP089592.1	100.000	747	1	747	3609164	3608418	0.0	1380
AF017113.1_cds_AAC67279.1_1_YVMC	CP045811.1	100.000	747	1	747	3452113	3451367	0.0	1380
AF017113.1_cds_AAC67279.1_1_YVMC	CP003783.1	100.000	747	1	747	3536008	3535262	0.0	1380
AF017113.1_cds_AAC67279.1_1_YVMC	CP045478.1	100.000	747	1	747	1250190	1250936	0.0	1380
AF017113.1_cds_AAC67279.1_1_YVMC	CP120613.2	100.000	747	1	747	3593296	3592550	0.0	1380
AF017113.1_cds_AAC67279.1_1_YVMC	CP133449.1	100.000	747	1	747	3360093	3359347	0.0	1380
AF017113.1_cds_AAC67279.1_1_YVMC	CP005997.1	100.000	747	1	747	3449073	3448327	0.0	1380
AF017113.1_cds_AAC67279.1_1_YVMC	CP130596.1	100.000	747	1	747	3604606	3603860	0.0	1380
AF017113.1_cds_AAC67279.1_1_YVMC	AP024622.1	100.000	747	1	747	3584747	3584001	0.0	1380
AF017113.1_cds_AAC67279.1_1_YVMC	CP011882.1	100.000	747	1	747	344170	343424	0.0	1380
AF017113.1_cds_AAC67279.1_1_YVMC	CP155054.1	100.000	747	1	747	503440	504186	0.0	1380
AF017113.1_cds_AAC67279.1_1_YVMC	CP017313.1	100.000	747	1	747	2620144	2619398	0.0	1380
AF017113.1_cds_AAC67279.1_1_YVMC	CP116391.1	100.000	747	1	747	3620540	3619794	0.0	1380
AF017113.1_cds_AAC67279.1_1_YVMC	AP012495.1	100.000	747	1	747	6974522	6973776	0.0	1380
AF017113.1_cds_AAC67279.1_1_YVMC	CP103066.1	100.000	747	1	747	3604195	3603449	0.0	1380
AF017113.1_cds_AAC67279.1_1_YVMC	CP147494.1	99.866	747	1	747	3550286	3549540	0.0	1375
AF017113.1_cds_AAC67279.1_1_YVMC	OX419555.1	99.866	747	1	747	3566657	3565911	0.0	1375
AF017113.1_cds_AAC67279.1_1_YVMC	CP028201.1	99.866	747	1	747	3231001	3230255	0.0	1375
AF017113.1_cds_AAC67279.1_1_YVMC	CP029052.1	99.866	747	1	747	3702306	3701561	0.0	1373
AF017113.1_cds_AAC67279.1_1_YVMC	CP147492.1	99.732	747	1	747	3439795	3439049	0.0	1369
AF017113.1_cds_AAC67279.1_1_YVMC	CP154865.1	99.732	747	1	747	3298970	3298224	0.0	1369
AF017113.1_cds_AAC67279.1_1_YVMC	CP051306.1	99.732	747	1	747	3472982	3472236	0.0	1369
AF017113.1_cds_AAC67279.1_1_YVMC	CP178514.1	99.732	747	1	747	3572050	3571304	0.0	1369
AF017113.1_cds_AAC67279.1_1_YVMC	CP127278.1	99.732	747	1	747	782692	783438	0.0	1369
AF017113.1_cds_AAC67279.1_1_YVMC	CP095736.1	99.732	747	1	747	3597451	3596705	0.0	1369
AF017113.1_cds_AAC67279.1_1_YVMC	CP080508.1	99.732	747	1	747	1356556	1355810	0.0	1369
AF017113.1_cds_AAC67279.1_1_YVMC	CP029609.1	99.598	747	1	747	3592022	3591276	0.0	1363
AF017113.1_cds_AAC67279.1_1_YVMC	CP028209.1	99.598	747	1	747	1287614	1288360	0.0	1363
AF017113.1_cds_AAC67279.1_1_YVMC	CP028202.1	99.598	747	1	747	3613222	3613968	0.0	1363
AF017113.1_cds_AAC67279.1_1_YVMC	CP114899.1	99.598	747	1	747	3920079	3920825	0.0	1363
AF017113.1_cds_AAC67279.1_1_YVMC	CP035403.1	99.598	747	1	747	3472194	3471448	0.0	1363
AF017113.1_cds_AAC67279.1_1_YVMC	CP172417.1	99.598	747	1	747	3818148	3817402	0.0	1363
AF017113.1_cds_AAC67279.1_1_YVMC	CP152362.1	99.465	747	1	747	3494319	3493573	0.0	1358
AF017113.1_cds_AAC67279.1_1_YVMC	CP184275.1	99.331	747	1	747	3378286	3377540	0.0	1352
AF017113.1_cds_AAC67279.1_1_YVMC	CP045823.1	99.331	747	1	747	3605568	3604822	0.0	1352
AF017113.1_cds_AAC67279.1_1_YVMC	OX419553.1	99.331	747	1	747	3644664	3643918	0.0	1352
AF017113.1_cds_AAC67279.1_1_YVMC	CP035164.1	99.331	747	1	747	3520355	3519609	0.0	1352
AF017113.1_cds_AAC67279.1_1_YVMC	OX419559.1	99.331	747	1	747	3482075	3481329	0.0	1352
AF017113.1_cds_AAC67279.1_1_YVMC	CP139103.1	99.331	747	1	747	1254180	1254926	0.0	1352
AF017113.1_cds_AAC67279.1_1_YVMC	CP062497.1	99.331	747	1	747	3566315	3565569	0.0	1352
AF017113.1_cds_AAC67279.1_1_YVMC	CP110365.1	99.331	747	1	747	3482027	3481281	0.0	1352
AF017113.1_cds_AAC67279.1_1_YVMC	CP045820.1	99.331	747	1	747	3648291	3647545	0.0	1352
AF017113.1_cds_AAC67279.1_1_YVMC	CP045819.1	99.331	747	1	747	3489623	3488877	0.0	1352
AF017113.1_cds_AAC67279.1_1_YVMC	OX419564.1	99.331	747	1	747	3610913	3610167	0.0	1352
AF017113.1_cds_AAC67279.1_1_YVMC	CP045826.1	99.331	747	1	747	3549279	3548533	0.0	1352
AF017113.1_cds_AAC67279.1_1_YVMC	OX419560.1	99.331	747	1	747	3483595	3482849	0.0	1352
AF017113.1_cds_AAC67279.1_1_YVMC	OX419579.1	99.331	747	1	747	3648809	3648063	0.0	1352
AF017113.1_cds_AAC67279.1_1_YVMC	OX419550.1	99.331	747	1	747	3482077	3481331	0.0	1352
AF017113.1_cds_AAC67279.1_1_YVMC	CP045818.1	99.331	747	1	747	3471977	3471231	0.0	1352
AF017113.1_cds_AAC67279.1_1_YVMC	CP194175.1	99.331	747	1	747	3474604	3473858	0.0	1352
AF017113.1_cds_AAC67279.1_1_YVMC	CP045824.1	99.331	747	1	747	3611327	3610581	0.0	1352
AF017113.1_cds_AAC67279.1_1_YVMC	CP107539.1	99.331	747	1	747	3433078	3432332	0.0	1352
AF017113.1_cds_AAC67279.1_1_YVMC	CP044498.1	99.197	747	1	747	3500739	3499993	0.0	1347
AF017113.1_cds_AAC67279.1_1_YVMC	CP016894.1	99.197	747	1	747	3609130	3608384	0.0	1347
AF017113.1_cds_AAC67279.1_1_YVMC	CP007409.1	99.197	747	1	747	3415763	3415017	0.0	1347
AF017113.1_cds_AAC67279.1_1_YVMC	CP032860.1	99.197	747	1	747	930215	929469	0.0	1347
AF017113.1_cds_AAC67279.1_1_YVMC	CP068982.1	99.197	747	1	747	3662749	3662003	0.0	1347
AF017113.1_cds_AAC67279.1_1_YVMC	CP071043.1	98.929	747	1	747	3472152	3471406	0.0	1336
AF017113.1_cds_AAC67279.1_1_YVMC	CP113256.1	98.929	747	1	747	3443292	3442546	0.0	1336
AF017113.1_cds_AAC67279.1_1_YVMC	CP040528.1	98.929	747	1	747	3457629	3456883	0.0	1336
AF017113.1_cds_AAC67279.1_1_YVMC	OX419578.1	98.929	747	1	747	3391250	3390504	0.0	1336
AF017113.1_cds_AAC67279.1_1_YVMC	CP020367.1	98.929	747	1	747	3457975	3457229	0.0	1336
AF017113.1_cds_AAC67279.1_1_YVMC	CP188116.1	98.929	747	1	747	3491867	3491121	0.0	1336
AF017113.1_cds_AAC67279.1_1_YVMC	CP154920.1	98.795	747	1	747	789291	790037	0.0	1330
AF017113.1_cds_AAC67279.1_1_YVMC	CP154918.1	98.795	747	1	747	3954230	3954976	0.0	1330
AF017113.1_cds_AAC67279.1_1_YVMC	CP092824.1	98.795	747	1	747	1988469	1987723	0.0	1330
AF017113.1_cds_AAC67279.1_1_YVMC	CP021123.1	98.795	747	1	747	638122	638868	0.0	1330
AF017113.1_cds_AAC67279.1_1_YVMC	CP154923.1	98.795	747	1	747	724786	725532	0.0	1330
AF017113.1_cds_AAC67279.1_1_YVMC	CP093067.1	98.795	747	1	747	3003449	3002703	0.0	1330
AF017113.1_cds_AAC67279.1_1_YVMC	CP035413.1	98.795	747	1	747	3492491	3491745	0.0	1330
AF017113.1_cds_AAC67279.1_1_YVMC	CP121735.2	98.527	747	1	747	3461091	3460345	0.0	1319
AF017113.1_cds_AAC67279.1_1_YVMC	CP035411.1	98.394	747	1	747	3497034	3496288	0.0	1314
AF017113.1_cds_AAC67279.1_1_YVMC	CP115738.1	98.394	747	1	747	3630176	3629430	0.0	1314
AF017113.1_cds_AAC67279.1_1_YVMC	CP045817.1	98.394	747	1	747	3454351	3453605	0.0	1314
AF017113.1_cds_AAC67279.1_1_YVMC	CP136257.1	98.394	747	1	747	3597132	3596386	0.0	1314
AF017113.1_cds_AAC67279.1_1_YVMC	CP064818.1	98.394	747	1	747	2736344	2737090	0.0	1314
AF017113.1_cds_AAC67279.1_1_YVMC	CP035167.1	98.394	747	1	747	3453152	3452406	0.0	1314
AF017113.1_cds_AAC67279.1_1_YVMC	CP128183.1	98.394	747	1	747	3442570	3441824	0.0	1314
AF017113.1_cds_AAC67279.1_1_YVMC	CP072525.1	98.394	747	1	747	3534054	3533308	0.0	1314
AF017113.1_cds_AAC67279.1_1_YVMC	CP126094.1	98.394	747	1	747	3456917	3456171	0.0	1314
AF017113.1_cds_AAC67279.1_1_YVMC	CP126973.1	98.394	747	1	747	3537178	3536432	0.0	1314
AF017113.1_cds_AAC67279.1_1_YVMC	CP107039.1	98.394	747	1	747	3634468	3635214	0.0	1314
AF017113.1_cds_AAC67279.1_1_YVMC	CP194218.1	98.394	747	1	747	2613099	2612353	0.0	1314
AF017113.1_cds_AAC67279.1_1_YVMC	CP126082.1	98.394	747	1	747	3457131	3456385	0.0	1314
AF017113.1_cds_AAC67279.1_1_YVMC	CP126083.1	98.394	747	1	747	3457131	3456385	0.0	1314
AF017113.1_cds_AAC67279.1_1_YVMC	CP106671.1	98.394	747	1	747	623310	624056	0.0	1314
AF017113.1_cds_AAC67279.1_1_YVMC	CP178617.1	98.394	747	1	747	3490989	3490243	0.0	1314
AF017113.1_cds_AAC67279.1_1_YVMC	CP178617.1	98.311	296	206	501	3487786	3487491	3.57e-145	520
AF017113.1_cds_AAC67279.1_1_YVMC	CP089269.1	98.394	747	1	747	622916	623662	0.0	1314
AF017113.1_cds_AAC67279.1_1_YVMC	CP097130.1	98.394	747	1	747	3453123	3452377	0.0	1314
AF017113.1_cds_AAC67279.1_1_YVMC	CP092369.1	98.394	747	1	747	3642272	3641526	0.0	1314
AF017113.1_cds_AAC67279.1_1_YVMC	CP103350.1	98.394	747	1	747	3639019	3638273	0.0	1314
AF017113.1_cds_AAC67279.1_1_YVMC	CP106673.1	98.394	747	1	747	3470043	3469297	0.0	1314
AF017113.1_cds_AAC67279.1_1_YVMC	CP035165.1	98.394	747	1	747	3524959	3524213	0.0	1314
AF017113.1_cds_AAC67279.1_1_YVMC	CP186004.1	98.394	747	1	747	3458050	3457304	0.0	1314
AF017113.1_cds_AAC67279.1_1_YVMC	CP110213.1	98.394	747	1	747	631497	632243	0.0	1314
AF017113.1_cds_AAC67279.1_1_YVMC	CP144137.1	98.394	747	1	747	3514173	3513427	0.0	1314
AF017113.1_cds_AAC67279.1_1_YVMC	CP035191.1	98.394	747	1	747	3453148	3452402	0.0	1314
AF017113.1_cds_AAC67279.1_1_YVMC	CP123621.1	98.394	747	1	747	3573135	3572389	0.0	1314
AF017113.1_cds_AAC67279.1_1_YVMC	CP021903.1	98.394	747	1	747	3443273	3442527	0.0	1314
AF017113.1_cds_AAC67279.1_1_YVMC	CP104097.1	98.394	747	1	747	3649122	3648376	0.0	1314
AF017113.1_cds_AAC67279.1_1_YVMC	CP032315.1	98.394	747	1	747	3498677	3497931	0.0	1314
AF017113.1_cds_AAC67279.1_1_YVMC	CP035163.1	98.394	747	1	747	3494514	3493768	0.0	1314
AF017113.1_cds_AAC67279.1_1_YVMC	CP194217.1	98.394	747	1	747	439451	438705	0.0	1314
AF017113.1_cds_AAC67279.1_1_YVMC	CP026034.1	98.394	747	1	747	1329788	1329042	0.0	1314
AF017113.1_cds_AAC67279.1_1_YVMC	CP031784.1	98.394	747	1	747	2583036	2582290	0.0	1314
AF017113.1_cds_AAC67279.1_1_YVMC	CP026036.1	98.394	747	1	747	3074506	3073760	0.0	1314
AF017113.1_cds_AAC67279.1_1_YVMC	CP045006.1	98.394	747	1	747	624065	624811	0.0	1314
AF017113.1_cds_AAC67279.1_1_YVMC	CP180575.1	98.394	747	1	747	1574409	1573663	0.0	1314
AF017113.1_cds_AAC67279.1_1_YVMC	CP180592.1	98.394	747	1	747	3476320	3475574	0.0	1314
AF017113.1_cds_AAC67279.1_1_YVMC	CP046047.1	98.394	747	1	747	624098	624844	0.0	1314
AF017113.1_cds_AAC67279.1_1_YVMC	CP166831.1	98.394	747	1	747	3544191	3543445	0.0	1314
AF017113.1_cds_AAC67279.1_1_YVMC	CP026037.1	98.394	747	1	747	4074270	4073524	0.0	1314
AF017113.1_cds_AAC67279.1_1_YVMC	CP021498.1	98.394	747	1	747	3372495	3371749	0.0	1314
AF017113.1_cds_AAC67279.1_1_YVMC	CP021889.1	98.394	747	1	747	3372519	3371773	0.0	1314
AF017113.1_cds_AAC67279.1_1_YVMC	CP129338.1	98.394	747	1	747	3714868	3714122	0.0	1314
AF017113.1_cds_AAC67279.1_1_YVMC	CP035226.1	98.394	747	1	747	3574862	3574116	0.0	1314
AF017113.1_cds_AAC67279.1_1_YVMC	CP035390.1	98.394	747	1	747	3497140	3496394	0.0	1314
AF017113.1_cds_AAC67279.1_1_YVMC	CP047645.1	98.394	747	1	747	3489980	3489234	0.0	1314
AF017113.1_cds_AAC67279.1_1_YVMC	CP021499.1	98.394	747	1	747	3372531	3371785	0.0	1314
AF017113.1_cds_AAC67279.1_1_YVMC	CP026035.1	98.394	747	1	747	2861743	2862489	0.0	1314
AF017113.1_cds_AAC67279.1_1_YVMC	CP026039.1	98.394	747	1	747	1437339	1436593	0.0	1314
AF017113.1_cds_AAC67279.1_1_YVMC	OX419652.1	98.394	747	1	747	3619964	3619218	0.0	1314
AF017113.1_cds_AAC67279.1_1_YVMC	CP028213.1	98.394	747	1	747	113701	114447	0.0	1314
AF017113.1_cds_AAC67279.1_1_YVMC	CP045816.1	98.394	747	1	747	3496271	3495525	0.0	1314
AF017113.1_cds_AAC67279.1_1_YVMC	CP120603.2	98.394	747	1	747	3609072	3608326	0.0	1314
AF017113.1_cds_AAC67279.1_1_YVMC	CP035414.1	98.394	747	1	747	3413748	3413002	0.0	1314
AF017113.1_cds_AAC67279.1_1_YVMC	CP026038.1	98.394	747	1	747	1086600	1085854	0.0	1314
AF017113.1_cds_AAC67279.1_1_YVMC	CP035397.1	98.394	747	1	747	3411688	3410942	0.0	1314
AF017113.1_cds_AAC67279.1_1_YVMC	CP103328.1	98.394	747	1	747	3306328	3305582	0.0	1314
AF017113.1_cds_AAC67279.1_1_YVMC	CP104878.1	98.394	747	1	747	3483821	3483075	0.0	1314
AF017113.1_cds_AAC67279.1_1_YVMC	CP120600.2	98.260	747	1	747	3655366	3654620	0.0	1308
AF017113.1_cds_AAC67279.1_1_YVMC	CP120577.2	98.260	747	1	747	3490722	3489976	0.0	1308
AF017113.1_cds_AAC67279.1_1_YVMC	CP120621.2	98.260	747	1	747	3456824	3457570	0.0	1308
AF017113.1_cds_AAC67279.1_1_YVMC	CP026030.1	98.260	747	1	747	2691356	2692102	0.0	1308
AF017113.1_cds_AAC67279.1_1_YVMC	CP126097.1	98.126	747	1	747	3606458	3605712	0.0	1303
AF017113.1_cds_AAC67279.1_1_YVMC	CP194791.1	98.126	747	1	747	3680076	3680822	0.0	1303
AF017113.1_cds_AAC67279.1_1_YVMC	CP192440.1	98.126	747	1	747	1873849	1873103	0.0	1303
AF017113.1_cds_AAC67279.1_1_YVMC	CP139188.1	98.126	747	1	747	3568317	3567571	0.0	1303
AF017113.1_cds_AAC67277.1_1_yvma	CP061870.1	100.000	1212	1	1212	3913594	3914805	0.0	2239
AF017113.1_cds_AAC67277.1_1_yvma	CP125292.1	100.000	1212	1	1212	1648519	1649730	0.0	2239
AF017113.1_cds_AAC67277.1_1_yvma	CP147492.1	100.000	1212	1	1212	3440751	3441962	0.0	2239
AF017113.1_cds_AAC67277.1_1_yvma	CP154865.1	100.000	1212	1	1212	3299926	3301137	0.0	2239
AF017113.1_cds_AAC67277.1_1_yvma	CP051306.1	100.000	1212	1	1212	3473938	3475149	0.0	2239
AF017113.1_cds_AAC67277.1_1_yvma	CP029461.2	100.000	1212	1	1212	3377801	3379012	0.0	2239
AF017113.1_cds_AAC67277.1_1_yvma	CP069238.1	100.000	1212	1	1212	3648343	3649554	0.0	2239
AF017113.1_cds_AAC67277.1_1_yvma	CP031675.1	100.000	1212	1	1212	3429546	3430757	0.0	2239
AF017113.1_cds_AAC67277.1_1_yvma	CP147494.1	100.000	1212	1	1212	3551242	3552453	0.0	2239
AF017113.1_cds_AAC67277.1_1_yvma	CP178514.1	100.000	1212	1	1212	3573006	3574217	0.0	2239
AF017113.1_cds_AAC67277.1_1_yvma	CP173415.1	100.000	1212	1	1212	3545354	3546565	0.0	2239
AF017113.1_cds_AAC67277.1_1_yvma	CP127278.1	100.000	1212	1	1212	781736	780525	0.0	2239
AF017113.1_cds_AAC67277.1_1_yvma	CP123977.1	100.000	1212	1	1212	3469816	3471027	0.0	2239
AF017113.1_cds_AAC67277.1_1_yvma	CP092631.1	100.000	1212	1	1212	3603907	3605118	0.0	2239
AF017113.1_cds_AAC67277.1_1_yvma	OX419557.1	100.000	1212	1	1212	3617684	3618895	0.0	2239
AF017113.1_cds_AAC67277.1_1_yvma	CP080508.1	100.000	1212	1	1212	1357512	1358723	0.0	2239
AF017113.1_cds_AAC67277.1_1_yvma	CP054177.1	100.000	1212	1	1212	3474623	3475834	0.0	2239
AF017113.1_cds_AAC67277.1_1_yvma	CP187546.1	100.000	1212	1	1212	3440847	3442058	0.0	2239
AF017113.1_cds_AAC67277.1_1_yvma	CP149444.1	100.000	1212	1	1212	3466621	3467832	0.0	2239
AF017113.1_cds_AAC67277.1_1_yvma	CP028202.1	100.000	1212	1	1212	3612266	3611055	0.0	2239
AF017113.1_cds_AAC67277.1_1_yvma	OX419555.1	100.000	1212	1	1212	3567613	3568824	0.0	2239
AF017113.1_cds_AAC67277.1_1_yvma	OX419645.1	100.000	1212	1	1212	3506295	3507506	0.0	2239
AF017113.1_cds_AAC67277.1_1_yvma	CP152362.1	100.000	1212	1	1212	3495275	3496486	0.0	2239
AF017113.1_cds_AAC67277.1_1_yvma	CP028201.1	100.000	1212	1	1212	3231957	3233168	0.0	2239
AF017113.1_cds_AAC67277.1_1_yvma	CP143526.1	100.000	1212	1	1212	2394929	2396140	0.0	2239
AF017113.1_cds_AAC67277.1_1_yvma	CP076445.1	100.000	1212	1	1212	3471666	3472877	0.0	2239
AF017113.1_cds_AAC67277.1_1_yvma	CP162517.1	100.000	1212	1	1212	3606904	3608115	0.0	2239
AF017113.1_cds_AAC67277.1_1_yvma	CP035161.1	100.000	1212	1	1212	3518825	3520036	0.0	2239
AF017113.1_cds_AAC67277.1_1_yvma	CP069239.1	100.000	1212	1	1212	1279742	1278531	0.0	2239
AF017113.1_cds_AAC67277.1_1_yvma	CP174496.1	100.000	1212	1	1212	3256263	3257474	0.0	2239
AF017113.1_cds_AAC67277.1_1_yvma	CP045425.1	100.000	1212	1	1212	3597841	3599052	0.0	2239
AF017113.1_cds_AAC67277.1_1_yvma	CP075344.1	100.000	1212	1	1212	3605049	3606260	0.0	2239
AF017113.1_cds_AAC67277.1_1_yvma	CP021498.1	100.000	1212	1	1212	3373451	3374662	0.0	2239
AF017113.1_cds_AAC67277.1_1_yvma	CP021889.1	100.000	1212	1	1212	3373475	3374686	0.0	2239
AF017113.1_cds_AAC67277.1_1_yvma	CP188116.1	100.000	1212	1	1212	3492823	3494034	0.0	2239
AF017113.1_cds_AAC67277.1_1_yvma	CP021499.1	100.000	1212	1	1212	3373487	3374698	0.0	2239
AF017113.1_cds_AAC67277.1_1_yvma	CP035414.1	100.000	1212	1	1212	3414704	3415915	0.0	2239
AF017113.1_cds_AAC67277.1_1_yvma	CP035394.1	100.000	1212	1	1212	3428938	3430149	0.0	2239
AF017113.1_cds_AAC67277.1_1_yvma	CP015004.1	100.000	1212	1	1212	3585119	3586330	0.0	2239
AF017113.1_cds_AAC67277.1_1_yvma	OX419580.1	100.000	1212	1	1212	3697381	3698592	0.0	2239
AF017113.1_cds_AAC67277.1_1_yvma	CP106791.1	100.000	1212	1	1212	3669276	3670487	0.0	2239
AF017113.1_cds_AAC67277.1_1_yvma	AP024623.1	100.000	1212	1	1212	3574138	3575349	0.0	2239
AF017113.1_cds_AAC67277.1_1_yvma	CP032310.1	100.000	1212	1	1212	3605147	3606358	0.0	2239
AF017113.1_cds_AAC67277.1_1_yvma	CP159874.1	100.000	1212	1	1212	770504	769293	0.0	2239
AF017113.1_cds_AAC67277.1_1_yvma	CP064094.1	100.000	1212	1	1212	2080603	2079392	0.0	2239
AF017113.1_cds_AAC67277.1_1_yvma	CP195112.1	100.000	1212	1	1212	3652944	3654155	0.0	2239
AF017113.1_cds_AAC67277.1_1_yvma	AP012496.1	100.000	1212	1	1212	3433050	3434261	0.0	2239
AF017113.1_cds_AAC67277.1_1_yvma	CP064093.1	100.000	1212	1	1212	1664321	1663110	0.0	2239
AF017113.1_cds_AAC67277.1_1_yvma	OX419570.1	100.000	1212	1	1212	3548446	3549657	0.0	2239
AF017113.1_cds_AAC67277.1_1_yvma	CP051466.1	100.000	1212	1	1212	3447477	3448688	0.0	2239
AF017113.1_cds_AAC67277.1_1_yvma	CP008698.1	100.000	1212	1	1212	3583561	3584772	0.0	2239
AF017113.1_cds_AAC67277.1_1_yvma	CP011115.1	100.000	1212	1	1212	3605524	3606735	0.0	2239
AF017113.1_cds_AAC67277.1_1_yvma	OX419563.1	100.000	1212	1	1212	3605227	3606438	0.0	2239
AF017113.1_cds_AAC67277.1_1_yvma	AF017113.1	100.000	1212	1	1212	22800	21589	0.0	2239
AF017113.1_cds_AAC67277.1_1_yvma	CP045672.1	100.000	1212	1	1212	3630311	3631522	0.0	2239
AF017113.1_cds_AAC67277.1_1_yvma	CP060710.1	100.000	1212	1	1212	3605565	3606776	0.0	2239
AF017113.1_cds_AAC67277.1_1_yvma	CP006881.1	100.000	1212	1	1212	3423377	3424588	0.0	2239
AF017113.1_cds_AAC67277.1_1_yvma	CP125981.1	100.000	1212	1	1212	3500111	3501322	0.0	2239
AF017113.1_cds_AAC67277.1_1_yvma	CP120681.2	100.000	1212	1	1212	3605112	3606323	0.0	2239
AF017113.1_cds_AAC67277.1_1_yvma	CP015375.1	100.000	1212	1	1212	1006612	1005401	0.0	2239
AF017113.1_cds_AAC67277.1_1_yvma	CP080629.1	100.000	1212	1	1212	3486103	3487314	0.0	2239
AF017113.1_cds_AAC67277.1_1_yvma	CP031129.1	100.000	1212	1	1212	3439665	3440876	0.0	2239
AF017113.1_cds_AAC67277.1_1_yvma	CP183238.1	100.000	1212	1	1212	3494495	3495706	0.0	2239
AF017113.1_cds_AAC67277.1_1_yvma	CP139440.1	100.000	1212	1	1212	3605193	3606404	0.0	2239
AF017113.1_cds_AAC67277.1_1_yvma	AP019714.1	100.000	1212	1	1212	3600826	3602037	0.0	2239
AF017113.1_cds_AAC67277.1_1_yvma	CP103351.1	100.000	1212	1	1212	3539562	3540773	0.0	2239
AF017113.1_cds_AAC67277.1_1_yvma	CP159912.1	100.000	1212	1	1212	770713	769502	0.0	2239
AF017113.1_cds_AAC67277.1_1_yvma	CP050532.1	100.000	1212	1	1212	3602378	3603589	0.0	2239
AF017113.1_cds_AAC67277.1_1_yvma	CP046592.1	100.000	1212	1	1212	3500098	3501309	0.0	2239
AF017113.1_cds_AAC67277.1_1_yvma	CP132912.1	100.000	1212	1	1212	3374656	3375867	0.0	2239
AF017113.1_cds_AAC67277.1_1_yvma	CP007800.1	100.000	1212	1	1212	3578290	3579501	0.0	2239
AF017113.1_cds_AAC67277.1_1_yvma	CP101937.1	100.000	1212	1	1212	3536682	3537893	0.0	2239
AF017113.1_cds_AAC67277.1_1_yvma	CP028215.1	100.000	1212	1	1212	1619636	1620847	0.0	2239
AF017113.1_cds_AAC67277.1_1_yvma	LN649259.1	100.000	1212	1	1212	3641568	3642779	0.0	2239
AF017113.1_cds_AAC67277.1_1_yvma	CP058242.1	100.000	1212	1	1212	3605529	3606740	0.0	2239
AF017113.1_cds_AAC67277.1_1_yvma	CP045922.1	100.000	1212	1	1212	3605112	3606323	0.0	2239
AF017113.1_cds_AAC67277.1_1_yvma	LN680001.1	100.000	1212	1	1212	3623531	3624742	0.0	2239
AF017113.1_cds_AAC67277.1_1_yvma	CP010314.1	100.000	1212	1	1212	3585018	3586229	0.0	2239
AF017113.1_cds_AAC67277.1_1_yvma	CP102769.1	100.000	1212	1	1212	3605118	3606329	0.0	2239
AF017113.1_cds_AAC67277.1_1_yvma	CP170734.1	100.000	1212	1	1212	3605206	3606417	0.0	2239
AF017113.1_cds_AAC67277.1_1_yvma	CP047325.1	100.000	1212	1	1212	904134	905345	0.0	2239
AF017113.1_cds_AAC67277.1_1_yvma	CP157084.1	100.000	1212	1	1212	3614182	3615393	0.0	2239
AF017113.1_cds_AAC67277.1_1_yvma	CP022391.1	100.000	1212	1	1212	3605523	3606734	0.0	2239
AF017113.1_cds_AAC67277.1_1_yvma	OX419575.1	100.000	1212	1	1212	3493004	3494215	0.0	2239
AF017113.1_cds_AAC67277.1_1_yvma	CP120598.2	100.000	1212	1	1212	3529991	3531202	0.0	2239
AF017113.1_cds_AAC67277.1_1_yvma	CP017312.1	100.000	1212	1	1212	3607861	3609072	0.0	2239
AF017113.1_cds_AAC67277.1_1_yvma	CP149576.1	100.000	1212	1	1212	3600747	3601958	0.0	2239
AF017113.1_cds_AAC67277.1_1_yvma	OX419565.1	100.000	1212	1	1212	3452844	3454055	0.0	2239
AF017113.1_cds_AAC67277.1_1_yvma	CP118167.1	100.000	1212	1	1212	3638196	3639407	0.0	2239
AF017113.1_cds_AAC67277.1_1_yvma	CP147410.1	100.000	1212	1	1212	2013121	2011910	0.0	2239
AF017113.1_cds_AAC67277.1_1_yvma	CP187577.1	100.000	1212	1	1212	3600753	3601964	0.0	2239
AF017113.1_cds_AAC67277.1_1_yvma	CP054050.1	100.000	1212	1	1212	621923	620712	0.0	2239
AF017113.1_cds_AAC67277.1_1_yvma	CP010053.1	100.000	1212	1	1212	3605289	3606500	0.0	2239
AF017113.1_cds_AAC67277.1_1_yvma	CP033205.1	100.000	1212	1	1212	3466133	3467344	0.0	2239
AF017113.1_cds_AAC67277.1_1_yvma	CP125762.1	100.000	1212	1	1212	645259	644048	0.0	2239
AF017113.1_cds_AAC67277.1_1_yvma	CP137756.1	100.000	1212	1	1212	3605111	3606322	0.0	2239
AF017113.1_cds_AAC67277.1_1_yvma	AP024627.1	100.000	1212	1	1212	3577692	3578903	0.0	2239
AF017113.1_cds_AAC67277.1_1_yvma	AP024628.1	100.000	1212	1	1212	3600558	3601769	0.0	2239
AF017113.1_cds_AAC67277.1_1_yvma	CP045812.1	100.000	1212	1	1212	3605111	3606322	0.0	2239
AF017113.1_cds_AAC67277.1_1_yvma	CP178213.1	100.000	1212	1	1212	611901	610690	0.0	2239
AF017113.1_cds_AAC67277.1_1_yvma	CP082924.1	100.000	1212	1	1212	3605116	3606327	0.0	2239
AF017113.1_cds_AAC67277.1_1_yvma	CP133412.1	100.000	1212	1	1212	3403178	3404389	0.0	2239
AF017113.1_cds_AAC67277.1_1_yvma	OX419567.1	100.000	1212	1	1212	3491163	3492374	0.0	2239
AF017113.1_cds_AAC67277.1_1_yvma	CP104962.1	100.000	1212	1	1212	2334700	2333489	0.0	2239
AF017113.1_cds_AAC67277.1_1_yvma	CP051465.1	100.000	1212	1	1212	3447276	3448487	0.0	2239
AF017113.1_cds_AAC67277.1_1_yvma	CP064095.1	100.000	1212	1	1212	2569451	2568240	0.0	2239
AF017113.1_cds_AAC67277.1_1_yvma	CP150487.1	100.000	1212	1	1212	3605124	3606335	0.0	2239
AF017113.1_cds_AAC67277.1_1_yvma	CP003329.1	100.000	1212	1	1212	3605504	3606715	0.0	2239
AF017113.1_cds_AAC67277.1_1_yvma	CP015975.1	100.000	1212	1	1212	3266835	3268046	0.0	2239
AF017113.1_cds_AAC67277.1_1_yvma	AP024626.1	100.000	1212	1	1212	3572950	3574161	0.0	2239
AF017113.1_cds_AAC67277.1_1_yvma	CP151685.1	100.000	1212	1	1212	3605125	3606336	0.0	2239
AF017113.1_cds_AAC67277.1_1_yvma	OX419551.1	100.000	1212	1	1212	3494509	3495720	0.0	2239
AF017113.1_cds_AAC67277.1_1_yvma	AP024625.1	100.000	1212	1	1212	3571600	3572811	0.0	2239
AF017113.1_cds_AAC67277.1_1_yvma	CP028212.1	100.000	1212	1	1212	3331734	3330523	0.0	2239
AF017113.1_cds_AAC67277.1_1_yvma	CP163458.1	100.000	1212	1	1212	3874155	3875366	0.0	2239
AF017113.1_cds_AAC67277.1_1_yvma	CP120622.2	100.000	1212	1	1212	3529997	3531208	0.0	2239
AF017113.1_cds_AAC67277.1_1_yvma	OX419576.1	100.000	1212	1	1212	3457835	3459046	0.0	2239
AF017113.1_cds_AAC67277.1_1_yvma	CP112873.1	100.000	1212	1	1212	3607330	3608541	0.0	2239
AF017113.1_cds_AAC67277.1_1_yvma	CP130597.1	100.000	1212	1	1212	3605563	3606774	0.0	2239
AF017113.1_cds_AAC67277.1_1_yvma	OX419569.1	100.000	1212	1	1212	3650841	3652052	0.0	2239
AF017113.1_cds_AAC67277.1_1_yvma	CP125660.1	100.000	1212	1	1212	3605135	3606346	0.0	2239
AF017113.1_cds_AAC67277.1_1_yvma	AP024624.1	100.000	1212	1	1212	3571315	3572526	0.0	2239
AF017113.1_cds_AAC67277.1_1_yvma	CP127089.1	100.000	1212	1	1212	3403179	3404390	0.0	2239
AF017113.1_cds_AAC67277.1_1_yvma	CP020915.1	100.000	1212	1	1212	1968415	1969626	0.0	2239
AF017113.1_cds_AAC67277.1_1_yvma	CP045821.1	100.000	1212	1	1212	3586340	3587551	0.0	2239
AF017113.1_cds_AAC67277.1_1_yvma	AP024621.1	100.000	1212	1	1212	3587433	3588644	0.0	2239
AF017113.1_cds_AAC67277.1_1_yvma	CP065789.1	100.000	1212	1	1212	3605125	3606336	0.0	2239
AF017113.1_cds_AAC67277.1_1_yvma	CP014166.1	100.000	1212	1	1212	3446201	3447412	0.0	2239
AF017113.1_cds_AAC67277.1_1_yvma	CP064096.1	100.000	1212	1	1212	33821	32610	0.0	2239
AF017113.1_cds_AAC67277.1_1_yvma	CP089592.1	100.000	1212	1	1212	3610120	3611331	0.0	2239
AF017113.1_cds_AAC67277.1_1_yvma	CP045811.1	100.000	1212	1	1212	3453069	3454280	0.0	2239
AF017113.1_cds_AAC67277.1_1_yvma	CP003783.1	100.000	1212	1	1212	3536964	3538175	0.0	2239
AF017113.1_cds_AAC67277.1_1_yvma	CP045478.1	100.000	1212	1	1212	1249234	1248023	0.0	2239
AF017113.1_cds_AAC67277.1_1_yvma	CP120613.2	100.000	1212	1	1212	3594252	3595463	0.0	2239
AF017113.1_cds_AAC67277.1_1_yvma	CP133449.1	100.000	1212	1	1212	3361049	3362260	0.0	2239
AF017113.1_cds_AAC67277.1_1_yvma	CP005997.1	100.000	1212	1	1212	3450029	3451240	0.0	2239
AF017113.1_cds_AAC67277.1_1_yvma	CP130596.1	100.000	1212	1	1212	3605562	3606773	0.0	2239
AF017113.1_cds_AAC67277.1_1_yvma	AP024622.1	100.000	1212	1	1212	3585703	3586914	0.0	2239
AF017113.1_cds_AAC67277.1_1_yvma	CP011882.1	100.000	1212	1	1212	345126	346337	0.0	2239
AF017113.1_cds_AAC67277.1_1_yvma	CP155054.1	100.000	1212	1	1212	502484	501273	0.0	2239
AF017113.1_cds_AAC67277.1_1_yvma	CP017313.1	100.000	1212	1	1212	2621100	2622311	0.0	2239
AF017113.1_cds_AAC67277.1_1_yvma	CP116391.1	100.000	1212	1	1212	3621496	3622707	0.0	2239
AF017113.1_cds_AAC67277.1_1_yvma	AP012495.1	100.000	1212	1	1212	6975478	6976689	0.0	2239
AF017113.1_cds_AAC67277.1_1_yvma	CP103066.1	100.000	1212	1	1212	3605151	3606362	0.0	2239
AF017113.1_cds_AAC67277.1_1_yvma	CP029609.1	99.917	1212	1	1212	3592978	3594189	0.0	2233
AF017113.1_cds_AAC67277.1_1_yvma	CP110105.1	99.917	1212	1	1212	2246232	2247443	0.0	2233
AF017113.1_cds_AAC67277.1_1_yvma	CP095736.1	99.917	1212	1	1212	3598407	3599618	0.0	2233
AF017113.1_cds_AAC67277.1_1_yvma	CP028209.1	99.917	1212	1	1212	1286658	1285447	0.0	2233
AF017113.1_cds_AAC67277.1_1_yvma	CP181322.1	99.917	1212	1	1212	3689045	3690256	0.0	2233
AF017113.1_cds_AAC67277.1_1_yvma	CP107539.1	99.917	1212	1	1212	3434034	3435245	0.0	2233
AF017113.1_cds_AAC67277.1_1_yvma	CP045825.1	99.835	1212	1	1212	3536326	3537537	0.0	2228
AF017113.1_cds_AAC67277.1_1_yvma	CP187656.1	99.835	1212	1	1212	3655276	3656487	0.0	2228
AF017113.1_cds_AAC67277.1_1_yvma	CP160396.1	99.835	1212	1	1212	619474	618263	0.0	2228
AF017113.1_cds_AAC67277.1_1_yvma	CP185918.1	99.835	1212	1	1212	3428139	3429350	0.0	2228
AF017113.1_cds_AAC67277.1_1_yvma	CP129123.1	99.835	1212	1	1212	3452211	3453422	0.0	2228
AF017113.1_cds_AAC67277.1_1_yvma	CP014858.1	99.835	1212	1	1212	616271	615060	0.0	2228
AF017113.1_cds_AAC67277.1_1_yvma	AP028964.1	99.835	1212	1	1212	626603	625392	0.0	2228
AF017113.1_cds_AAC67277.1_1_yvma	CP133653.1	99.835	1212	1	1212	3444548	3445759	0.0	2228
AF017113.1_cds_AAC67277.1_1_yvma	CP093289.1	99.835	1212	1	1212	3545855	3547066	0.0	2228
AF017113.1_cds_AAC67277.1_1_yvma	CP031693.1	99.835	1212	1	1212	24237	25448	0.0	2228
AF017113.1_cds_AAC67277.1_1_yvma	CP003695.1	99.835	1212	1	1212	619475	618264	0.0	2228
AF017113.1_cds_AAC67277.1_1_yvma	CP092824.1	99.835	1212	1	1212	1989425	1990636	0.0	2228
AF017113.1_cds_AAC67277.1_1_yvma	CP110365.1	99.835	1212	1	1212	3482970	3484181	0.0	2228
AF017113.1_cds_AAC67277.1_1_yvma	CP021123.1	99.835	1212	1	1212	637166	635955	0.0	2228
AF017113.1_cds_AAC67277.1_1_yvma	CP093067.1	99.835	1212	1	1212	3004405	3005616	0.0	2228
AF017113.1_cds_AAC67277.1_1_yvma	CP035413.1	99.835	1212	1	1212	3493447	3494658	0.0	2228
AF017113.1_cds_AAC67277.1_1_yvma	CP029052.1	99.835	1212	1	1212	3703261	3704471	0.0	2226
AF017113.1_cds_AAC67277.1_1_yvma	CP071043.1	99.752	1212	1	1212	3473108	3474319	0.0	2222
AF017113.1_cds_AAC67277.1_1_yvma	CP113256.1	99.752	1212	1	1212	3444248	3445459	0.0	2222
AF017113.1_cds_AAC67277.1_1_yvma	CP040528.1	99.752	1212	1	1212	3458585	3459796	0.0	2222
AF017113.1_cds_AAC67277.1_1_yvma	OX419578.1	99.752	1212	1	1212	3392206	3393417	0.0	2222
AF017113.1_cds_AAC67277.1_1_yvma	CP020367.1	99.752	1212	1	1212	3458931	3460142	0.0	2222
AF017113.1_cds_AAC67277.1_1_yvma	CP090125.1	99.752	1212	1	1212	3428379	3429590	0.0	2222
AF017113.1_cds_AAC67277.1_1_yvma	CP129338.1	99.752	1212	1	1212	3715824	3717035	0.0	2222
AF017113.1_cds_AAC67277.1_1_yvma	CP035390.1	99.752	1212	1	1212	3498096	3499307	0.0	2222
AF017113.1_cds_AAC67277.1_1_yvma	CP045816.1	99.752	1212	1	1212	3497227	3498438	0.0	2222
AF017113.1_cds_AAC67277.1_1_yvma	CP101931.1	99.670	1212	1	1212	3458990	3460201	0.0	2217
AF017113.1_cds_AAC67277.1_1_yvma	CP101930.1	99.670	1212	1	1212	3458989	3460200	0.0	2217
AF017113.1_cds_AAC67277.1_1_yvma	CP101936.1	99.670	1212	1	1212	3458990	3460201	0.0	2217
AF017113.1_cds_AAC67277.1_1_yvma	CP121723.2	99.670	1212	1	1212	3368628	3369839	0.0	2217
AF017113.1_cds_AAC67277.1_1_yvma	CP121741.2	99.670	1212	1	1212	3344551	3345762	0.0	2217
AF017113.1_cds_AAC67277.1_1_yvma	CP121708.2	99.670	1212	1	1212	3392372	3393583	0.0	2217
AF017113.1_cds_AAC67277.1_1_yvma	CP121714.2	99.670	1212	1	1212	3364566	3365777	0.0	2217
AF017113.1_cds_AAC67277.1_1_yvma	CP035411.1	99.670	1212	1	1212	3497990	3499201	0.0	2217
AF017113.1_cds_AAC67277.1_1_yvma	CP115738.1	99.670	1212	1	1212	3631132	3632343	0.0	2217
AF017113.1_cds_AAC67277.1_1_yvma	CP045817.1	99.670	1212	1	1212	3455307	3456518	0.0	2217
AF017113.1_cds_AAC67277.1_1_yvma	CP136257.1	99.670	1212	1	1212	3598088	3599299	0.0	2217
AF017113.1_cds_AAC67277.1_1_yvma	CP064818.1	99.670	1212	1	1212	2735388	2734177	0.0	2217
AF017113.1_cds_AAC67277.1_1_yvma	CP035167.1	99.670	1212	1	1212	3454108	3455319	0.0	2217
AF017113.1_cds_AAC67277.1_1_yvma	CP128183.1	99.670	1212	1	1212	3443526	3444737	0.0	2217
AF017113.1_cds_AAC67277.1_1_yvma	CP072525.1	99.670	1212	1	1212	3535010	3536221	0.0	2217
AF017113.1_cds_AAC67277.1_1_yvma	CP126094.1	99.670	1212	1	1212	3457873	3459084	0.0	2217
AF017113.1_cds_AAC67277.1_1_yvma	CP126973.1	99.670	1212	1	1212	3538134	3539345	0.0	2217
AF017113.1_cds_AAC67277.1_1_yvma	CP107039.1	99.670	1212	1	1212	3633512	3632301	0.0	2217
AF017113.1_cds_AAC67277.1_1_yvma	CP194218.1	99.670	1212	1	1212	2614055	2615266	0.0	2217
AF017113.1_cds_AAC67277.1_1_yvma	CP126082.1	99.670	1212	1	1212	3458087	3459298	0.0	2217
AF017113.1_cds_AAC67277.1_1_yvma	CP126083.1	99.670	1212	1	1212	3458087	3459298	0.0	2217
AF017113.1_cds_AAC67277.1_1_yvma	CP106671.1	99.670	1212	1	1212	622354	621143	0.0	2217
AF017113.1_cds_AAC67277.1_1_yvma	CP178617.1	99.670	1212	1	1212	3491945	3493156	0.0	2217
AF017113.1_cds_AAC67277.1_1_yvma	CP089269.1	99.670	1212	1	1212	621960	620749	0.0	2217
AF017113.1_cds_AAC67277.1_1_yvma	CP097130.1	99.670	1212	1	1212	3454079	3455290	0.0	2217
AF017113.1_cds_AAC67277.1_1_yvma	CP092369.1	99.670	1212	1	1212	3643228	3644439	0.0	2217
AF017113.1_cds_AAC67277.1_1_yvma	CP103350.1	99.670	1212	1	1212	3639975	3641186	0.0	2217
AF017113.1_cds_AAC67277.1_1_yvma	CP106673.1	99.670	1212	1	1212	3470999	3472210	0.0	2217
AF017113.1_cds_AAC67277.1_1_yvma	CP035165.1	99.670	1212	1	1212	3525915	3527126	0.0	2217
AF017113.1_cds_AAC67277.1_1_yvma	CP186004.1	99.670	1212	1	1212	3459006	3460217	0.0	2217
AF017113.1_cds_AAC67277.1_1_yvma	CP110213.1	99.670	1212	1	1212	630541	629330	0.0	2217
AF017113.1_cds_AAC67277.1_1_yvma	CP144137.1	99.670	1212	1	1212	3515129	3516340	0.0	2217
AF017113.1_cds_AAC67277.1_1_yvma	CP035191.1	99.670	1212	1	1212	3454104	3455315	0.0	2217
AF017113.1_cds_AAC67277.1_1_yvma	CP123621.1	99.670	1212	1	1212	3574091	3575302	0.0	2217
AF017113.1_cds_AAC67277.1_1_yvma	CP021903.1	99.670	1212	1	1212	3444229	3445440	0.0	2217
AF017113.1_cds_AAC67277.1_1_yvma	CP104097.1	99.670	1212	1	1212	3650078	3651289	0.0	2217
AF017113.1_cds_AAC67277.1_1_yvma	CP032315.1	99.670	1212	1	1212	3499633	3500844	0.0	2217
AF017113.1_cds_AAC67277.1_1_yvma	CP035163.1	99.670	1212	1	1212	3495470	3496681	0.0	2217
AF017113.1_cds_AAC67277.1_1_yvma	CP194217.1	99.670	1212	1	1212	440407	441618	0.0	2217
AF017113.1_cds_AAC67277.1_1_yvma	CP026034.1	99.670	1212	1	1212	1330742	1331953	0.0	2217
AF017113.1_cds_AAC67277.1_1_yvma	CP120600.2	99.670	1212	1	1212	3656322	3657533	0.0	2217
AF017113.1_cds_AAC67277.1_1_yvma	CP120577.2	99.670	1212	1	1212	3491678	3492889	0.0	2217
AF017113.1_cds_AAC67277.1_1_yvma	CP180575.1	99.670	1212	1	1212	1575365	1576576	0.0	2217
AF017113.1_cds_AAC67277.1_1_yvma	CP121735.2	99.670	1212	1	1212	3462046	3463257	0.0	2217
AF017113.1_cds_AAC67277.1_1_yvma	CP166831.1	99.670	1212	1	1212	3545147	3546358	0.0	2217
AF017113.1_cds_AAC67277.1_1_yvma	CP126097.1	99.670	1212	1	1212	3607414	3608625	0.0	2217
AF017113.1_cds_AAC67277.1_1_yvma	CP026037.1	99.670	1212	1	1212	4075225	4076436	0.0	2217
AF017113.1_cds_AAC67277.1_1_yvma	CP062497.1	99.670	1212	1	1212	3567271	3568482	0.0	2217
AF017113.1_cds_AAC67277.1_1_yvma	CP035226.1	99.670	1212	1	1212	3575818	3577029	0.0	2217
AF017113.1_cds_AAC67277.1_1_yvma	CP047645.1	99.670	1212	1	1212	3490935	3492146	0.0	2217
AF017113.1_cds_AAC67277.1_1_yvma	CP139188.1	99.670	1212	1	1212	3569273	3570484	0.0	2217
AF017113.1_cds_AAC67277.1_1_yvma	CP026030.1	99.670	1212	1	1212	2690400	2689189	0.0	2217
AF017113.1_cds_AAC67277.1_1_yvma	CP028213.1	99.670	1212	1	1212	112745	111534	0.0	2217
AF017113.1_cds_AAC67277.1_1_yvma	CP120603.2	99.670	1212	1	1212	3610028	3611239	0.0	2217
AF017113.1_cds_AAC67277.1_1_yvma	CP121727.2	99.587	1212	1	1212	3033019	3031808	0.0	2211
AF017113.1_cds_AAC67277.1_1_yvma	CP026036.1	99.587	1212	1	1212	3075462	3076673	0.0	2211
AF017113.1_cds_AAC67277.1_1_yvma	CP154920.1	99.587	1212	1	1212	788335	787124	0.0	2211
AF017113.1_cds_AAC67277.1_1_yvma	CP154918.1	99.587	1212	1	1212	3953274	3952063	0.0	2211
AF017113.1_cds_AAC67277.1_1_yvma	CP192440.1	99.587	1212	1	1212	1874805	1876016	0.0	2211
AF017113.1_cds_AAC67277.1_1_yvma	CP154923.1	99.587	1212	1	1212	723830	722619	0.0	2211
AF017113.1_cds_AAC67277.1_1_yvma	CP026035.1	99.587	1212	1	1212	2860787	2859576	0.0	2211
AF017113.1_cds_AAC67277.1_1_yvma	CP026039.1	99.587	1212	1	1212	1438295	1439506	0.0	2211
AF017113.1_cds_AAC67277.1_1_yvma	OX419652.1	99.587	1212	1	1212	3620920	3622131	0.0	2211
AF017113.1_cds_AAC67277.1_1_yvma	CP026038.1	99.587	1212	1	1212	1087556	1088767	0.0	2211
AF017113.1_cds_AAC67277.1_1_yvma	CP035397.1	99.587	1212	1	1212	3412644	3413855	0.0	2211
AF017113.1_cds_AAC67277.1_1_yvma	CP103328.1	99.587	1212	1	1212	3307284	3308495	0.0	2211
AF017113.1_cds_AAC67277.1_1_yvma	CP104878.1	99.587	1212	1	1212	3484777	3485988	0.0	2211
AF017113.1_cds_AAC67277.1_1_yvma	CP136919.1	99.505	1212	1	1212	427773	428984	0.0	2206
AF017113.1_cds_AAC67277.1_1_yvma	CP101290.1	99.505	1212	1	1212	3476490	3477701	0.0	2206
AF017113.1_cds_AAC67277.1_1_yvma	CP032853.1	99.505	1212	1	1212	3067925	3069136	0.0	2206
AF017113.1_cds_AAC67277.1_1_yvma	CP032855.1	99.505	1212	1	1212	1454126	1455337	0.0	2206
AF017113.1_cds_AAC67277.1_1_yvma	OX419577.1	99.505	1212	1	1212	3531019	3532230	0.0	2206
AF017113.1_cds_AAC67277.1_1_yvma	CP031784.1	99.505	1212	1	1212	2583992	2585203	0.0	2206
AF017113.1_cds_AAC67277.1_1_yvma	CP180592.1	99.505	1212	1	1212	3477276	3478487	0.0	2206
AF017113.1_cds_AAC67277.1_1_yvma	CP120621.2	99.505	1212	1	1212	3455868	3454657	0.0	2206
AF017113.1_cds_AAC67277.1_1_yvma	CP035230.1	99.505	1212	1	1212	3436460	3437671	0.0	2206
AF017113.1_cds_AAC67277.1_1_yvma	CP172966.1	99.505	1212	1	1212	449866	448655	0.0	2206
AF017113.1_cds_AAC67277.1_1_yvma	CP035166.1	99.505	1212	1	1212	3498179	3499390	0.0	2206
AF017113.1_cds_AAC67277.1_1_yvma	CP066380.1	99.505	1212	1	1212	3564181	3565392	0.0	2206
AF017113.1_cds_AAC67277.1_1_yvma	CP047485.1	99.505	1212	1	1212	3497985	3499196	0.0	2206
AF017113.1_cds_AAC67277.1_1_yvma	CP017112.1	99.422	1212	1	1212	3553409	3554620	0.0	2200
AF017113.1_cds_AAC67277.1_1_yvma	CP184275.1	99.422	1212	1	1212	3379241	3380452	0.0	2200
AF017113.1_cds_AAC67277.1_1_yvma	CP045006.1	99.422	1212	1	1212	623109	621898	0.0	2200
AF017113.1_cds_AAC67277.1_1_yvma	CP046047.1	99.422	1212	1	1212	623142	621931	0.0	2200
AF017113.1_cds_AAC67277.1_1_yvma	CP045823.1	99.422	1212	1	1212	3606524	3607735	0.0	2200
AF017113.1_cds_AAC67277.1_1_yvma	OX419553.1	99.422	1212	1	1212	3645620	3646831	0.0	2200
AF017113.1_cds_AAC67277.1_1_yvma	CP044498.1	99.422	1212	1	1212	3501695	3502906	0.0	2200
AF017113.1_cds_AAC67277.1_1_yvma	CP016894.1	99.422	1212	1	1212	3610086	3611297	0.0	2200
AF017113.1_cds_AAC67277.1_1_yvma	CP035164.1	99.422	1212	1	1212	3521311	3522522	0.0	2200
AF017113.1_cds_AAC67277.1_1_yvma	OX419559.1	99.422	1212	1	1212	3483031	3484242	0.0	2200
AF017113.1_cds_AAC67277.1_1_yvma	CP114899.1	99.422	1212	1	1212	3919123	3917912	0.0	2200
AF017113.1_cds_AAC67277.1_1_yvma	CP139103.1	99.422	1212	1	1212	1253224	1252013	0.0	2200
AF017113.1_cds_AAC67277.1_1_yvma	CP045820.1	99.422	1212	1	1212	3649247	3650458	0.0	2200
AF017113.1_cds_AAC67277.1_1_yvma	CP007409.1	99.422	1212	1	1212	3416719	3417930	0.0	2200
AF017113.1_cds_AAC67277.1_1_yvma	CP045819.1	99.422	1212	1	1212	3490579	3491790	0.0	2200
AF017113.1_cds_AAC67277.1_1_yvma	OX419564.1	99.422	1212	1	1212	3611869	3613080	0.0	2200
AF017113.1_cds_AAC67277.1_1_yvma	CP045826.1	99.422	1212	1	1212	3550235	3551446	0.0	2200
AF017113.1_cds_AAC67277.1_1_yvma	OX419579.1	99.422	1212	1	1212	3649765	3650976	0.0	2200
AF017113.1_cds_AAC67277.1_1_yvma	OX419550.1	99.422	1212	1	1212	3483033	3484244	0.0	2200
AF017113.1_cds_AAC67277.1_1_yvma	CP045818.1	99.422	1212	1	1212	3472933	3474144	0.0	2200
AF017113.1_cds_AAC67277.1_1_yvma	CP194175.1	99.422	1212	1	1212	3475560	3476771	0.0	2200
AF017113.1_cds_AAC67277.1_1_yvma	CP035403.1	99.422	1212	1	1212	3473150	3474361	0.0	2200
AF017113.1_cds_AAC67277.1_1_yvma	CP045824.1	99.422	1212	1	1212	3612283	3613494	0.0	2200
AF017113.1_cds_AAC67277.1_1_yvma	CP032860.1	99.422	1212	1	1212	931171	932382	0.0	2200
AF017113.1_cds_AAC67277.1_1_yvma	CP068982.1	99.422	1212	1	1212	3663705	3664916	0.0	2200
AF017113.1_cds_AAC67277.1_1_yvma	CP172417.1	99.422	1212	1	1212	3819104	3820315	0.0	2200
AF017113.1_cds_AAC67277.1_1_yvma	CP194791.1	99.422	1212	1	1212	3679120	3677910	0.0	2198
AF017113.1_cds_AAC67277.1_1_yvma	OX419560.1	99.340	1212	1	1212	3484551	3485762	0.0	2194
AF017113.1_cds_AAC67277.1_1_yvma	Z36881.1	100.000	94	1	94	548	641	5.27e-41	174
AF017113.1_cds_AAC67278.1_1_yzhA/pchR	CP015004.1	100.000	510	1	510	3584589	3585098	0.0	942
AF017113.1_cds_AAC67278.1_1_yzhA/pchR	OX419580.1	100.000	510	1	510	3696851	3697360	0.0	942
AF017113.1_cds_AAC67278.1_1_yzhA/pchR	CP106791.1	100.000	510	1	510	3668746	3669255	0.0	942
AF017113.1_cds_AAC67278.1_1_yzhA/pchR	AP024623.1	100.000	510	1	510	3573608	3574117	0.0	942
AF017113.1_cds_AAC67278.1_1_yzhA/pchR	CP032310.1	100.000	510	1	510	3604617	3605126	0.0	942
AF017113.1_cds_AAC67278.1_1_yzhA/pchR	CP159874.1	100.000	510	1	510	771034	770525	0.0	942
AF017113.1_cds_AAC67278.1_1_yzhA/pchR	CP064094.1	100.000	510	1	510	2081133	2080624	0.0	942
AF017113.1_cds_AAC67278.1_1_yzhA/pchR	CP195112.1	100.000	510	1	510	3652414	3652923	0.0	942
AF017113.1_cds_AAC67278.1_1_yzhA/pchR	AP012496.1	100.000	510	1	510	3432520	3433029	0.0	942
AF017113.1_cds_AAC67278.1_1_yzhA/pchR	CP064093.1	100.000	510	1	510	1664851	1664342	0.0	942
AF017113.1_cds_AAC67278.1_1_yzhA/pchR	OX419570.1	100.000	510	1	510	3547916	3548425	0.0	942
AF017113.1_cds_AAC67278.1_1_yzhA/pchR	CP051466.1	100.000	510	1	510	3446947	3447456	0.0	942
AF017113.1_cds_AAC67278.1_1_yzhA/pchR	CP008698.1	100.000	510	1	510	3583031	3583540	0.0	942
AF017113.1_cds_AAC67278.1_1_yzhA/pchR	CP011115.1	100.000	510	1	510	3604994	3605503	0.0	942
AF017113.1_cds_AAC67278.1_1_yzhA/pchR	OX419563.1	100.000	510	1	510	3604697	3605206	0.0	942
AF017113.1_cds_AAC67278.1_1_yzhA/pchR	AF017113.1	100.000	510	1	510	23330	22821	0.0	942
AF017113.1_cds_AAC67278.1_1_yzhA/pchR	CP045672.1	100.000	510	1	510	3629781	3630290	0.0	942
AF017113.1_cds_AAC67278.1_1_yzhA/pchR	CP035230.1	100.000	510	1	510	3435930	3436439	0.0	942
AF017113.1_cds_AAC67278.1_1_yzhA/pchR	CP060710.1	100.000	510	1	510	3605035	3605544	0.0	942
AF017113.1_cds_AAC67278.1_1_yzhA/pchR	CP006881.1	100.000	510	1	510	3422847	3423356	0.0	942
AF017113.1_cds_AAC67278.1_1_yzhA/pchR	CP125981.1	100.000	510	1	510	3499581	3500090	0.0	942
AF017113.1_cds_AAC67278.1_1_yzhA/pchR	CP120681.2	100.000	510	1	510	3604582	3605091	0.0	942
AF017113.1_cds_AAC67278.1_1_yzhA/pchR	CP015375.1	100.000	510	1	510	1007142	1006633	0.0	942
AF017113.1_cds_AAC67278.1_1_yzhA/pchR	CP080629.1	100.000	510	1	510	3485573	3486082	0.0	942
AF017113.1_cds_AAC67278.1_1_yzhA/pchR	CP031129.1	100.000	510	1	510	3439135	3439644	0.0	942
AF017113.1_cds_AAC67278.1_1_yzhA/pchR	CP183238.1	100.000	510	1	510	3493965	3494474	0.0	942
AF017113.1_cds_AAC67278.1_1_yzhA/pchR	CP139440.1	100.000	510	1	510	3604663	3605172	0.0	942
AF017113.1_cds_AAC67278.1_1_yzhA/pchR	AP019714.1	100.000	510	1	510	3600296	3600805	0.0	942
AF017113.1_cds_AAC67278.1_1_yzhA/pchR	CP103351.1	100.000	510	1	510	3539032	3539541	0.0	942
AF017113.1_cds_AAC67278.1_1_yzhA/pchR	CP172966.1	100.000	510	1	510	450396	449887	0.0	942
AF017113.1_cds_AAC67278.1_1_yzhA/pchR	CP159912.1	100.000	510	1	510	771243	770734	0.0	942
AF017113.1_cds_AAC67278.1_1_yzhA/pchR	CP050532.1	100.000	510	1	510	3601848	3602357	0.0	942
AF017113.1_cds_AAC67278.1_1_yzhA/pchR	CP046592.1	100.000	510	1	510	3499568	3500077	0.0	942
AF017113.1_cds_AAC67278.1_1_yzhA/pchR	CP132912.1	100.000	510	1	510	3374126	3374635	0.0	942
AF017113.1_cds_AAC67278.1_1_yzhA/pchR	CP007800.1	100.000	510	1	510	3577760	3578269	0.0	942
AF017113.1_cds_AAC67278.1_1_yzhA/pchR	CP101937.1	100.000	510	1	510	3536152	3536661	0.0	942
AF017113.1_cds_AAC67278.1_1_yzhA/pchR	CP028215.1	100.000	510	1	510	1619106	1619615	0.0	942
AF017113.1_cds_AAC67278.1_1_yzhA/pchR	LN649259.1	100.000	510	1	510	3641038	3641547	0.0	942
AF017113.1_cds_AAC67278.1_1_yzhA/pchR	CP058242.1	100.000	510	1	510	3604999	3605508	0.0	942
AF017113.1_cds_AAC67278.1_1_yzhA/pchR	CP045922.1	100.000	510	1	510	3604582	3605091	0.0	942
AF017113.1_cds_AAC67278.1_1_yzhA/pchR	LN680001.1	100.000	510	1	510	3623001	3623510	0.0	942
AF017113.1_cds_AAC67278.1_1_yzhA/pchR	CP010314.1	100.000	510	1	510	3584488	3584997	0.0	942
AF017113.1_cds_AAC67278.1_1_yzhA/pchR	CP102769.1	100.000	510	1	510	3604588	3605097	0.0	942
AF017113.1_cds_AAC67278.1_1_yzhA/pchR	CP170734.1	100.000	510	1	510	3604676	3605185	0.0	942
AF017113.1_cds_AAC67278.1_1_yzhA/pchR	CP047325.1	100.000	510	1	510	903604	904113	0.0	942
AF017113.1_cds_AAC67278.1_1_yzhA/pchR	CP157084.1	100.000	510	1	510	3613652	3614161	0.0	942
AF017113.1_cds_AAC67278.1_1_yzhA/pchR	CP022391.1	100.000	510	1	510	3604993	3605502	0.0	942
AF017113.1_cds_AAC67278.1_1_yzhA/pchR	OX419575.1	100.000	510	1	510	3492474	3492983	0.0	942
AF017113.1_cds_AAC67278.1_1_yzhA/pchR	CP120598.2	100.000	510	1	510	3529461	3529970	0.0	942
AF017113.1_cds_AAC67278.1_1_yzhA/pchR	CP017312.1	100.000	510	1	510	3607331	3607840	0.0	942
AF017113.1_cds_AAC67278.1_1_yzhA/pchR	CP149576.1	100.000	510	1	510	3600217	3600726	0.0	942
AF017113.1_cds_AAC67278.1_1_yzhA/pchR	OX419565.1	100.000	510	1	510	3452314	3452823	0.0	942
AF017113.1_cds_AAC67278.1_1_yzhA/pchR	CP118167.1	100.000	510	1	510	3637666	3638175	0.0	942
AF017113.1_cds_AAC67278.1_1_yzhA/pchR	CP147410.1	100.000	510	1	510	2013651	2013142	0.0	942
AF017113.1_cds_AAC67278.1_1_yzhA/pchR	CP187577.1	100.000	510	1	510	3600223	3600732	0.0	942
AF017113.1_cds_AAC67278.1_1_yzhA/pchR	CP054050.1	100.000	510	1	510	622453	621944	0.0	942
AF017113.1_cds_AAC67278.1_1_yzhA/pchR	CP010053.1	100.000	510	1	510	3604759	3605268	0.0	942
AF017113.1_cds_AAC67278.1_1_yzhA/pchR	CP033205.1	100.000	510	1	510	3465603	3466112	0.0	942
AF017113.1_cds_AAC67278.1_1_yzhA/pchR	CP125762.1	100.000	510	1	510	645789	645280	0.0	942
AF017113.1_cds_AAC67278.1_1_yzhA/pchR	CP137756.1	100.000	510	1	510	3604581	3605090	0.0	942
AF017113.1_cds_AAC67278.1_1_yzhA/pchR	AP024627.1	100.000	510	1	510	3577162	3577671	0.0	942
AF017113.1_cds_AAC67278.1_1_yzhA/pchR	AP024628.1	100.000	510	1	510	3600028	3600537	0.0	942
AF017113.1_cds_AAC67278.1_1_yzhA/pchR	CP045812.1	100.000	510	1	510	3604581	3605090	0.0	942
AF017113.1_cds_AAC67278.1_1_yzhA/pchR	CP178213.1	100.000	510	1	510	612431	611922	0.0	942
AF017113.1_cds_AAC67278.1_1_yzhA/pchR	CP082924.1	100.000	510	1	510	3604586	3605095	0.0	942
AF017113.1_cds_AAC67278.1_1_yzhA/pchR	CP133412.1	100.000	510	1	510	3402648	3403157	0.0	942
AF017113.1_cds_AAC67278.1_1_yzhA/pchR	OX419567.1	100.000	510	1	510	3490633	3491142	0.0	942
AF017113.1_cds_AAC67278.1_1_yzhA/pchR	CP104962.1	100.000	510	1	510	2335230	2334721	0.0	942
AF017113.1_cds_AAC67278.1_1_yzhA/pchR	CP035166.1	100.000	510	1	510	3497649	3498158	0.0	942
AF017113.1_cds_AAC67278.1_1_yzhA/pchR	CP051465.1	100.000	510	1	510	3446746	3447255	0.0	942
AF017113.1_cds_AAC67278.1_1_yzhA/pchR	CP064095.1	100.000	510	1	510	2569981	2569472	0.0	942
AF017113.1_cds_AAC67278.1_1_yzhA/pchR	CP150487.1	100.000	510	1	510	3604594	3605103	0.0	942
AF017113.1_cds_AAC67278.1_1_yzhA/pchR	CP003329.1	100.000	510	1	510	3604974	3605483	0.0	942
AF017113.1_cds_AAC67278.1_1_yzhA/pchR	CP015975.1	100.000	510	1	510	3266305	3266814	0.0	942
AF017113.1_cds_AAC67278.1_1_yzhA/pchR	AP024626.1	100.000	510	1	510	3572420	3572929	0.0	942
AF017113.1_cds_AAC67278.1_1_yzhA/pchR	CP151685.1	100.000	510	1	510	3604595	3605104	0.0	942
AF017113.1_cds_AAC67278.1_1_yzhA/pchR	OX419551.1	100.000	510	1	510	3493979	3494488	0.0	942
AF017113.1_cds_AAC67278.1_1_yzhA/pchR	AP024625.1	100.000	510	1	510	3571070	3571579	0.0	942
AF017113.1_cds_AAC67278.1_1_yzhA/pchR	CP066380.1	100.000	510	1	510	3563651	3564160	0.0	942
AF017113.1_cds_AAC67278.1_1_yzhA/pchR	CP028212.1	100.000	510	1	510	3332264	3331755	0.0	942
AF017113.1_cds_AAC67278.1_1_yzhA/pchR	CP047485.1	100.000	510	1	510	3497455	3497964	0.0	942
AF017113.1_cds_AAC67278.1_1_yzhA/pchR	CP163458.1	100.000	510	1	510	3873625	3874134	0.0	942
AF017113.1_cds_AAC67278.1_1_yzhA/pchR	CP120622.2	100.000	510	1	510	3529467	3529976	0.0	942
AF017113.1_cds_AAC67278.1_1_yzhA/pchR	OX419576.1	100.000	510	1	510	3457305	3457814	0.0	942
AF017113.1_cds_AAC67278.1_1_yzhA/pchR	CP112873.1	100.000	510	1	510	3606800	3607309	0.0	942
AF017113.1_cds_AAC67278.1_1_yzhA/pchR	CP130597.1	100.000	510	1	510	3605033	3605542	0.0	942
AF017113.1_cds_AAC67278.1_1_yzhA/pchR	OX419569.1	100.000	510	1	510	3650311	3650820	0.0	942
AF017113.1_cds_AAC67278.1_1_yzhA/pchR	CP125660.1	100.000	510	1	510	3604605	3605114	0.0	942
AF017113.1_cds_AAC67278.1_1_yzhA/pchR	AP024624.1	100.000	510	1	510	3570785	3571294	0.0	942
AF017113.1_cds_AAC67278.1_1_yzhA/pchR	CP127089.1	100.000	510	1	510	3402649	3403158	0.0	942
AF017113.1_cds_AAC67278.1_1_yzhA/pchR	CP020915.1	100.000	510	1	510	1967885	1968394	0.0	942
AF017113.1_cds_AAC67278.1_1_yzhA/pchR	CP045821.1	100.000	510	1	510	3585810	3586319	0.0	942
AF017113.1_cds_AAC67278.1_1_yzhA/pchR	AP024621.1	100.000	510	1	510	3586903	3587412	0.0	942
AF017113.1_cds_AAC67278.1_1_yzhA/pchR	CP065789.1	100.000	510	1	510	3604595	3605104	0.0	942
AF017113.1_cds_AAC67278.1_1_yzhA/pchR	CP014166.1	100.000	510	1	510	3445671	3446180	0.0	942
AF017113.1_cds_AAC67278.1_1_yzhA/pchR	CP064096.1	100.000	510	1	510	34351	33842	0.0	942
AF017113.1_cds_AAC67278.1_1_yzhA/pchR	Z36881.1	100.000	510	1	510	18	527	0.0	942
AF017113.1_cds_AAC67278.1_1_yzhA/pchR	CP089592.1	100.000	510	1	510	3609590	3610099	0.0	942
AF017113.1_cds_AAC67278.1_1_yzhA/pchR	CP045811.1	100.000	510	1	510	3452539	3453048	0.0	942
AF017113.1_cds_AAC67278.1_1_yzhA/pchR	CP003783.1	100.000	510	1	510	3536434	3536943	0.0	942
AF017113.1_cds_AAC67278.1_1_yzhA/pchR	CP045478.1	100.000	510	1	510	1249764	1249255	0.0	942
AF017113.1_cds_AAC67278.1_1_yzhA/pchR	CP120613.2	100.000	510	1	510	3593722	3594231	0.0	942
AF017113.1_cds_AAC67278.1_1_yzhA/pchR	CP133449.1	100.000	510	1	510	3360519	3361028	0.0	942
AF017113.1_cds_AAC67278.1_1_yzhA/pchR	CP005997.1	100.000	510	1	510	3449499	3450008	0.0	942
AF017113.1_cds_AAC67278.1_1_yzhA/pchR	CP130596.1	100.000	510	1	510	3605032	3605541	0.0	942
AF017113.1_cds_AAC67278.1_1_yzhA/pchR	AP024622.1	100.000	510	1	510	3585173	3585682	0.0	942
AF017113.1_cds_AAC67278.1_1_yzhA/pchR	CP011882.1	100.000	510	1	510	344596	345105	0.0	942
AF017113.1_cds_AAC67278.1_1_yzhA/pchR	CP155054.1	100.000	510	1	510	503014	502505	0.0	942
AF017113.1_cds_AAC67278.1_1_yzhA/pchR	CP017313.1	100.000	510	1	510	2620570	2621079	0.0	942
AF017113.1_cds_AAC67278.1_1_yzhA/pchR	CP116391.1	100.000	510	1	510	3620966	3621475	0.0	942
AF017113.1_cds_AAC67278.1_1_yzhA/pchR	AP012495.1	100.000	510	1	510	6974948	6975457	0.0	942
AF017113.1_cds_AAC67278.1_1_yzhA/pchR	CP103066.1	100.000	510	1	510	3604621	3605130	0.0	942
AF017113.1_cds_AAC67278.1_1_yzhA/pchR	CP035394.1	99.804	510	1	510	3428409	3428917	0.0	935
AF017113.1_cds_AAC67278.1_1_yzhA/pchR	CP035397.1	99.412	510	1	510	3412114	3412623	0.0	926
AF017113.1_cds_AAC67278.1_1_yzhA/pchR	CP107539.1	99.412	510	1	510	3433504	3434013	0.0	926
AF017113.1_cds_AAC67278.1_1_yzhA/pchR	CP103328.1	99.412	510	1	510	3306754	3307263	0.0	926
AF017113.1_cds_AAC67278.1_1_yzhA/pchR	CP104878.1	99.412	510	1	510	3484247	3484756	0.0	926
AF017113.1_cds_AAC67278.1_1_yzhA/pchR	CP045823.1	99.216	510	1	510	3605994	3606503	0.0	920
AF017113.1_cds_AAC67278.1_1_yzhA/pchR	OX419553.1	99.216	510	1	510	3645090	3645599	0.0	920
AF017113.1_cds_AAC67278.1_1_yzhA/pchR	CP044498.1	99.216	510	1	510	3501165	3501674	0.0	920
AF017113.1_cds_AAC67278.1_1_yzhA/pchR	CP126097.1	99.216	510	1	510	3606884	3607393	0.0	920
AF017113.1_cds_AAC67278.1_1_yzhA/pchR	CP154920.1	99.216	510	1	510	788865	788356	0.0	920
AF017113.1_cds_AAC67278.1_1_yzhA/pchR	CP016894.1	99.216	510	1	510	3609556	3610065	0.0	920
AF017113.1_cds_AAC67278.1_1_yzhA/pchR	CP026037.1	99.216	510	1	510	4074695	4075204	0.0	920
AF017113.1_cds_AAC67278.1_1_yzhA/pchR	CP154918.1	99.216	510	1	510	3953804	3953295	0.0	920
AF017113.1_cds_AAC67278.1_1_yzhA/pchR	CP035164.1	99.216	510	1	510	3520781	3521290	0.0	920
AF017113.1_cds_AAC67278.1_1_yzhA/pchR	OX419559.1	99.216	510	1	510	3482501	3483010	0.0	920
AF017113.1_cds_AAC67278.1_1_yzhA/pchR	CP092824.1	99.216	510	1	510	1988895	1989404	0.0	920
AF017113.1_cds_AAC67278.1_1_yzhA/pchR	CP021498.1	99.216	510	1	510	3372921	3373430	0.0	920
AF017113.1_cds_AAC67278.1_1_yzhA/pchR	CP114899.1	99.216	510	1	510	3919653	3919144	0.0	920
AF017113.1_cds_AAC67278.1_1_yzhA/pchR	CP139103.1	99.216	510	1	510	1253754	1253245	0.0	920
AF017113.1_cds_AAC67278.1_1_yzhA/pchR	CP062497.1	99.216	510	1	510	3566741	3567250	0.0	920
AF017113.1_cds_AAC67278.1_1_yzhA/pchR	CP110365.1	99.216	510	1	510	3482440	3482949	0.0	920
AF017113.1_cds_AAC67278.1_1_yzhA/pchR	CP120621.2	99.216	510	1	510	3456398	3455889	0.0	920
AF017113.1_cds_AAC67278.1_1_yzhA/pchR	CP021889.1	99.216	510	1	510	3372945	3373454	0.0	920
AF017113.1_cds_AAC67278.1_1_yzhA/pchR	CP129338.1	99.216	510	1	510	3715294	3715803	0.0	920
AF017113.1_cds_AAC67278.1_1_yzhA/pchR	CP188116.1	99.216	510	1	510	3492293	3492802	0.0	920
AF017113.1_cds_AAC67278.1_1_yzhA/pchR	CP045820.1	99.216	510	1	510	3648717	3649226	0.0	920
AF017113.1_cds_AAC67278.1_1_yzhA/pchR	CP035226.1	99.216	510	1	510	3575288	3575797	0.0	920
AF017113.1_cds_AAC67278.1_1_yzhA/pchR	CP021123.1	99.216	510	1	510	637696	637187	0.0	920
AF017113.1_cds_AAC67278.1_1_yzhA/pchR	CP007409.1	99.216	510	1	510	3416189	3416698	0.0	920
AF017113.1_cds_AAC67278.1_1_yzhA/pchR	CP035390.1	99.216	510	1	510	3497566	3498075	0.0	920
AF017113.1_cds_AAC67278.1_1_yzhA/pchR	CP047645.1	99.216	510	1	510	3490405	3490914	0.0	920
AF017113.1_cds_AAC67278.1_1_yzhA/pchR	CP021499.1	99.216	510	1	510	3372957	3373466	0.0	920
AF017113.1_cds_AAC67278.1_1_yzhA/pchR	CP045819.1	99.216	510	1	510	3490049	3490558	0.0	920
AF017113.1_cds_AAC67278.1_1_yzhA/pchR	OX419564.1	99.216	510	1	510	3611339	3611848	0.0	920
AF017113.1_cds_AAC67278.1_1_yzhA/pchR	CP194791.1	99.216	510	1	510	3679650	3679141	0.0	920
AF017113.1_cds_AAC67278.1_1_yzhA/pchR	CP192440.1	99.216	510	1	510	1874275	1874784	0.0	920
AF017113.1_cds_AAC67278.1_1_yzhA/pchR	CP045826.1	99.216	510	1	510	3549705	3550214	0.0	920
AF017113.1_cds_AAC67278.1_1_yzhA/pchR	CP154923.1	99.216	510	1	510	724360	723851	0.0	920
AF017113.1_cds_AAC67278.1_1_yzhA/pchR	OX419560.1	99.216	510	1	510	3484021	3484530	0.0	920
AF017113.1_cds_AAC67278.1_1_yzhA/pchR	OX419579.1	99.216	510	1	510	3649235	3649744	0.0	920
AF017113.1_cds_AAC67278.1_1_yzhA/pchR	OX419550.1	99.216	510	1	510	3482503	3483012	0.0	920
AF017113.1_cds_AAC67278.1_1_yzhA/pchR	CP045818.1	99.216	510	1	510	3472403	3472912	0.0	920
AF017113.1_cds_AAC67278.1_1_yzhA/pchR	CP139188.1	99.216	510	1	510	3568743	3569252	0.0	920
AF017113.1_cds_AAC67278.1_1_yzhA/pchR	CP194175.1	99.216	510	1	510	3475030	3475539	0.0	920
AF017113.1_cds_AAC67278.1_1_yzhA/pchR	CP093067.1	99.216	510	1	510	3003875	3004384	0.0	920
AF017113.1_cds_AAC67278.1_1_yzhA/pchR	CP026030.1	99.216	510	1	510	2690930	2690421	0.0	920
AF017113.1_cds_AAC67278.1_1_yzhA/pchR	CP026035.1	99.216	510	1	510	2861317	2860808	0.0	920
AF017113.1_cds_AAC67278.1_1_yzhA/pchR	CP026039.1	99.216	510	1	510	1437765	1438274	0.0	920
AF017113.1_cds_AAC67278.1_1_yzhA/pchR	CP035403.1	99.216	510	1	510	3472620	3473129	0.0	920
AF017113.1_cds_AAC67278.1_1_yzhA/pchR	OX419652.1	99.216	510	1	510	3620390	3620899	0.0	920
AF017113.1_cds_AAC67278.1_1_yzhA/pchR	CP028213.1	99.216	510	1	510	113275	112766	0.0	920
AF017113.1_cds_AAC67278.1_1_yzhA/pchR	CP045816.1	99.216	510	1	510	3496697	3497206	0.0	920
AF017113.1_cds_AAC67278.1_1_yzhA/pchR	CP120603.2	99.216	510	1	510	3609498	3610007	0.0	920
AF017113.1_cds_AAC67278.1_1_yzhA/pchR	CP045824.1	99.216	510	1	510	3611753	3612262	0.0	920
AF017113.1_cds_AAC67278.1_1_yzhA/pchR	CP032860.1	99.216	510	1	510	930641	931150	0.0	920
AF017113.1_cds_AAC67278.1_1_yzhA/pchR	CP068982.1	99.216	510	1	510	3663175	3663684	0.0	920
AF017113.1_cds_AAC67278.1_1_yzhA/pchR	CP035414.1	99.216	510	1	510	3414174	3414683	0.0	920
AF017113.1_cds_AAC67278.1_1_yzhA/pchR	CP035413.1	99.216	510	1	510	3492917	3493426	0.0	920
AF017113.1_cds_AAC67278.1_1_yzhA/pchR	CP172417.1	99.216	510	1	510	3818574	3819083	0.0	920
AF017113.1_cds_AAC67278.1_1_yzhA/pchR	CP026038.1	99.216	510	1	510	1087026	1087535	0.0	920
AF017113.1_cds_AAC67278.1_1_yzhA/pchR	CP120600.2	99.020	510	1	510	3655792	3656301	0.0	915
AF017113.1_cds_AAC67278.1_1_yzhA/pchR	CP090125.1	99.020	510	1	510	3427849	3428358	0.0	915
AF017113.1_cds_AAC67278.1_1_yzhA/pchR	CP031784.1	99.020	510	1	510	2583462	2583971	0.0	915
AF017113.1_cds_AAC67278.1_1_yzhA/pchR	CP120577.2	99.020	510	1	510	3491148	3491657	0.0	915
AF017113.1_cds_AAC67278.1_1_yzhA/pchR	CP026036.1	99.020	510	1	510	3074932	3075441	0.0	915
AF017113.1_cds_AAC67278.1_1_yzhA/pchR	CP045006.1	99.020	510	1	510	623639	623130	0.0	915
AF017113.1_cds_AAC67278.1_1_yzhA/pchR	CP180575.1	99.020	510	1	510	1574835	1575344	0.0	915
AF017113.1_cds_AAC67278.1_1_yzhA/pchR	CP180592.1	99.020	510	1	510	3476746	3477255	0.0	915
AF017113.1_cds_AAC67278.1_1_yzhA/pchR	CP121735.2	99.020	510	1	510	3461516	3462025	0.0	915
AF017113.1_cds_AAC67278.1_1_yzhA/pchR	CP046047.1	99.020	510	1	510	623672	623163	0.0	915
AF017113.1_cds_AAC67278.1_1_yzhA/pchR	CP166831.1	99.020	510	1	510	3544617	3545126	0.0	915
AF017113.1_cds_AAC67278.1_1_yzhA/pchR	CP184275.1	99.020	510	1	510	3378712	3379220	0.0	913
AF017113.1_cds_AAC67278.1_1_yzhA/pchR	CP026034.1	99.020	510	1	510	1330213	1330721	0.0	913
AF017113.1_cds_AAC67278.1_1_yzhA/pchR	CP035411.1	98.824	510	1	510	3497460	3497969	0.0	909
AF017113.1_cds_AAC67278.1_1_yzhA/pchR	CP115738.1	98.824	510	1	510	3630602	3631111	0.0	909
AF017113.1_cds_AAC67278.1_1_yzhA/pchR	CP045817.1	98.824	510	1	510	3454777	3455286	0.0	909
AF017113.1_cds_AAC67278.1_1_yzhA/pchR	CP136257.1	98.824	510	1	510	3597558	3598067	0.0	909
AF017113.1_cds_AAC67278.1_1_yzhA/pchR	CP064818.1	98.824	510	1	510	2735918	2735409	0.0	909
AF017113.1_cds_AAC67278.1_1_yzhA/pchR	CP035167.1	98.824	510	1	510	3453578	3454087	0.0	909
AF017113.1_cds_AAC67278.1_1_yzhA/pchR	CP128183.1	98.824	510	1	510	3442996	3443505	0.0	909
AF017113.1_cds_AAC67278.1_1_yzhA/pchR	CP072525.1	98.824	510	1	510	3534480	3534989	0.0	909
AF017113.1_cds_AAC67278.1_1_yzhA/pchR	CP126094.1	98.824	510	1	510	3457343	3457852	0.0	909
AF017113.1_cds_AAC67278.1_1_yzhA/pchR	CP126973.1	98.824	510	1	510	3537604	3538113	0.0	909
AF017113.1_cds_AAC67278.1_1_yzhA/pchR	CP107039.1	98.824	510	1	510	3634042	3633533	0.0	909
AF017113.1_cds_AAC67278.1_1_yzhA/pchR	CP194218.1	98.824	510	1	510	2613525	2614034	0.0	909
AF017113.1_cds_AAC67278.1_1_yzhA/pchR	CP126082.1	98.824	510	1	510	3457557	3458066	0.0	909
AF017113.1_cds_AAC67278.1_1_yzhA/pchR	CP126083.1	98.824	510	1	510	3457557	3458066	0.0	909
AF017113.1_cds_AAC67278.1_1_yzhA/pchR	CP106671.1	98.824	510	1	510	622884	622375	0.0	909
AF017113.1_cds_AAC67278.1_1_yzhA/pchR	CP178617.1	98.824	510	1	510	3491415	3491924	0.0	909
AF017113.1_cds_AAC67278.1_1_yzhA/pchR	CP089269.1	98.824	510	1	510	622490	621981	0.0	909
AF017113.1_cds_AAC67278.1_1_yzhA/pchR	CP097130.1	98.824	510	1	510	3453549	3454058	0.0	909
AF017113.1_cds_AAC67278.1_1_yzhA/pchR	CP092369.1	98.824	510	1	510	3642698	3643207	0.0	909
AF017113.1_cds_AAC67278.1_1_yzhA/pchR	CP103350.1	98.824	510	1	510	3639445	3639954	0.0	909
AF017113.1_cds_AAC67278.1_1_yzhA/pchR	CP106673.1	98.824	510	1	510	3470469	3470978	0.0	909
AF017113.1_cds_AAC67278.1_1_yzhA/pchR	CP035165.1	98.824	510	1	510	3525385	3525894	0.0	909
AF017113.1_cds_AAC67278.1_1_yzhA/pchR	CP186004.1	98.824	510	1	510	3458476	3458985	0.0	909
AF017113.1_cds_AAC67278.1_1_yzhA/pchR	CP110213.1	98.824	510	1	510	631071	630562	0.0	909
AF017113.1_cds_AAC67278.1_1_yzhA/pchR	CP144137.1	98.824	510	1	510	3514599	3515108	0.0	909
AF017113.1_cds_AAC67278.1_1_yzhA/pchR	CP035191.1	98.824	510	1	510	3453574	3454083	0.0	909
AF017113.1_cds_AAC67278.1_1_yzhA/pchR	CP123621.1	98.824	510	1	510	3573561	3574070	0.0	909
AF017113.1_cds_AAC67278.1_1_yzhA/pchR	CP021903.1	98.824	510	1	510	3443699	3444208	0.0	909
AF017113.1_cds_AAC67278.1_1_yzhA/pchR	CP104097.1	98.824	510	1	510	3649548	3650057	0.0	909
AF017113.1_cds_AAC67278.1_1_yzhA/pchR	CP032315.1	98.824	510	1	510	3499103	3499612	0.0	909
AF017113.1_cds_AAC67278.1_1_yzhA/pchR	CP035163.1	98.824	510	1	510	3494940	3495449	0.0	909
AF017113.1_cds_AAC67278.1_1_yzhA/pchR	CP194217.1	98.824	510	1	510	439877	440386	0.0	909
AF017113.1_cds_AAC67278.1_1_yzhA/pchR	CP075344.1	98.824	510	1	510	3604520	3605028	0.0	907
AF017113.1_cds_AAC67278.1_1_yzhA/pchR	CP032853.1	98.627	510	1	510	3067395	3067904	0.0	904
AF017113.1_cds_AAC67278.1_1_yzhA/pchR	CP174496.1	98.627	510	1	510	3255733	3256242	0.0	904
AF017113.1_cds_AAC67278.1_1_yzhA/pchR	CP032855.1	98.627	510	1	510	1453596	1454105	0.0	904
AF017113.1_cds_AAC67278.1_1_yzhA/pchR	CP045425.1	98.627	510	1	510	3597311	3597820	0.0	904
AF017113.1_cds_AAC67278.1_1_yzhA/pchR	OX419577.1	98.627	510	1	510	3530489	3530998	0.0	904
AF017113.1_cds_AAC67278.1_1_yzhA/pchR	CP181322.1	98.627	510	1	510	3688515	3689024	0.0	904
AF017113.1_cds_AAC67278.1_1_yzhA/pchR	CP121723.2	98.431	510	1	510	3368098	3368607	0.0	898
AF017113.1_cds_AAC67278.1_1_yzhA/pchR	CP121741.2	98.431	510	1	510	3344021	3344530	0.0	898
AF017113.1_cds_AAC67278.1_1_yzhA/pchR	CP121708.2	98.431	510	1	510	3391842	3392351	0.0	898
AF017113.1_cds_AAC67278.1_1_yzhA/pchR	CP121727.2	98.431	510	1	510	3033549	3033040	0.0	898
AF017113.1_cds_AAC67278.1_1_yzhA/pchR	CP121714.2	98.431	510	1	510	3364036	3364545	0.0	898
AF017113.1_cds_AAC67278.1_1_yzhA/pchR	CP029461.2	97.451	510	1	510	3377271	3377780	0.0	870
AF017113.1_cds_AAC67278.1_1_yzhA/pchR	CP069238.1	97.451	510	1	510	3647813	3648322	0.0	870
AF017113.1_cds_AAC67278.1_1_yzhA/pchR	CP029609.1	97.451	510	1	510	3592448	3592957	0.0	870
AF017113.1_cds_AAC67278.1_1_yzhA/pchR	CP031675.1	97.451	510	1	510	3429016	3429525	0.0	870
AF017113.1_cds_AAC67278.1_1_yzhA/pchR	CP110105.1	97.451	510	1	510	2245702	2246211	0.0	870
AF017113.1_cds_AAC67278.1_1_yzhA/pchR	CP147494.1	97.451	510	1	510	3550712	3551221	0.0	870
AF017113.1_cds_AAC67278.1_1_yzhA/pchR	CP178514.1	97.451	510	1	510	3572476	3572985	0.0	870
AF017113.1_cds_AAC67278.1_1_yzhA/pchR	CP173415.1	97.451	510	1	510	3544824	3545333	0.0	870
AF017113.1_cds_AAC67278.1_1_yzhA/pchR	CP127278.1	97.451	510	1	510	782266	781757	0.0	870
AF017113.1_cds_AAC67278.1_1_yzhA/pchR	CP123977.1	97.451	510	1	510	3469286	3469795	0.0	870
AF017113.1_cds_AAC67278.1_1_yzhA/pchR	CP092631.1	97.451	510	1	510	3603377	3603886	0.0	870
AF017113.1_cds_AAC67278.1_1_yzhA/pchR	OX419557.1	97.451	510	1	510	3617154	3617663	0.0	870
AF017113.1_cds_AAC67278.1_1_yzhA/pchR	CP095736.1	97.451	510	1	510	3597877	3598386	0.0	870
AF017113.1_cds_AAC67278.1_1_yzhA/pchR	CP080508.1	97.451	510	1	510	1356982	1357491	0.0	870
AF017113.1_cds_AAC67278.1_1_yzhA/pchR	CP028209.1	97.451	510	1	510	1287188	1286679	0.0	870
AF017113.1_cds_AAC67278.1_1_yzhA/pchR	CP054177.1	97.451	510	1	510	3474093	3474602	0.0	870
AF017113.1_cds_AAC67278.1_1_yzhA/pchR	CP187546.1	97.451	510	1	510	3440317	3440826	0.0	870
AF017113.1_cds_AAC67278.1_1_yzhA/pchR	CP149444.1	97.451	510	1	510	3466091	3466600	0.0	870
AF017113.1_cds_AAC67278.1_1_yzhA/pchR	CP028202.1	97.451	510	1	510	3612796	3612287	0.0	870
AF017113.1_cds_AAC67278.1_1_yzhA/pchR	OX419555.1	97.451	510	1	510	3567083	3567592	0.0	870
AF017113.1_cds_AAC67278.1_1_yzhA/pchR	CP017112.1	97.451	510	1	510	3552879	3553388	0.0	870
AF017113.1_cds_AAC67278.1_1_yzhA/pchR	OX419645.1	97.451	510	1	510	3505765	3506274	0.0	870
AF017113.1_cds_AAC67278.1_1_yzhA/pchR	CP152362.1	97.451	510	1	510	3494745	3495254	0.0	870
AF017113.1_cds_AAC67278.1_1_yzhA/pchR	CP028201.1	97.451	510	1	510	3231427	3231936	0.0	870
AF017113.1_cds_AAC67278.1_1_yzhA/pchR	CP143526.1	97.451	510	1	510	2394399	2394908	0.0	870
AF017113.1_cds_AAC67278.1_1_yzhA/pchR	CP076445.1	97.451	510	1	510	3471136	3471645	0.0	870
AF017113.1_cds_AAC67278.1_1_yzhA/pchR	CP162517.1	97.451	510	1	510	3606374	3606883	0.0	870
AF017113.1_cds_AAC67278.1_1_yzhA/pchR	CP035161.1	97.451	510	1	510	3518295	3518804	0.0	870
AF017113.1_cds_AAC67278.1_1_yzhA/pchR	CP069239.1	97.451	510	1	510	1280272	1279763	0.0	870
AF017113.1_cds_AAC67278.1_1_yzhA/pchR	CP045825.1	97.255	510	1	510	3535796	3536305	0.0	865
AF017113.1_cds_AAC67278.1_1_yzhA/pchR	CP187656.1	97.255	510	1	510	3654746	3655255	0.0	865
AF017113.1_cds_AAC67278.1_1_yzhA/pchR	CP160396.1	97.255	510	1	510	620004	619495	0.0	865
AF017113.1_cds_AAC67278.1_1_yzhA/pchR	CP071043.1	97.255	510	1	510	3472578	3473087	0.0	865
AF017113.1_cds_AAC67278.1_1_yzhA/pchR	CP113256.1	97.255	510	1	510	3443718	3444227	0.0	865
AF017113.1_cds_AAC67278.1_1_yzhA/pchR	CP185918.1	97.255	510	1	510	3427609	3428118	0.0	865
AF017113.1_cds_AAC67278.1_1_yzhA/pchR	CP101290.1	97.255	510	1	510	3475960	3476469	0.0	865
AF017113.1_cds_AAC67278.1_1_yzhA/pchR	CP129123.1	97.255	510	1	510	3451681	3452190	0.0	865
AF017113.1_cds_AAC67278.1_1_yzhA/pchR	CP014858.1	97.255	510	1	510	616801	616292	0.0	865
AF017113.1_cds_AAC67278.1_1_yzhA/pchR	CP154865.1	97.255	510	1	510	3299396	3299905	0.0	865
AF017113.1_cds_AAC67278.1_1_yzhA/pchR	AP028964.1	97.255	510	1	510	627133	626624	0.0	865
AF017113.1_cds_AAC67278.1_1_yzhA/pchR	CP040528.1	97.255	510	1	510	3458055	3458564	0.0	865
AF017113.1_cds_AAC67278.1_1_yzhA/pchR	CP133653.1	97.255	510	1	510	3444018	3444527	0.0	865
AF017113.1_cds_AAC67278.1_1_yzhA/pchR	CP093289.1	97.255	510	1	510	3545325	3545834	0.0	865
AF017113.1_cds_AAC67278.1_1_yzhA/pchR	OX419578.1	97.255	510	1	510	3391676	3392185	0.0	865
AF017113.1_cds_AAC67278.1_1_yzhA/pchR	CP051306.1	97.255	510	1	510	3473408	3473917	0.0	865
AF017113.1_cds_AAC67278.1_1_yzhA/pchR	CP031693.1	97.255	510	1	510	23707	24216	0.0	865
AF017113.1_cds_AAC67278.1_1_yzhA/pchR	CP020367.1	97.255	510	1	510	3458401	3458910	0.0	865
AF017113.1_cds_AAC67278.1_1_yzhA/pchR	CP003695.1	97.255	510	1	510	620005	619496	0.0	865
AF017113.1_cds_AAC67278.1_1_yzhA/pchR	CP147492.1	97.059	510	1	510	3440221	3440730	0.0	859
AF017113.1_cds_AAC67278.1_1_yzhA/pchR	CP136919.1	97.059	510	1	510	427243	427752	0.0	859
AF017113.1_cds_AAC67278.1_1_yzhA/pchR	CP029052.1	97.059	510	1	510	3702732	3703240	0.0	857
AF017113.1_cds_AAC67278.1_1_yzhA/pchR	CP101931.1	96.863	510	1	510	3458460	3458969	0.0	854
AF017113.1_cds_AAC67278.1_1_yzhA/pchR	CP101930.1	96.863	510	1	510	3458459	3458968	0.0	854
AF017113.1_cds_AAC67278.1_1_yzhA/pchR	CP101936.1	96.863	510	1	510	3458460	3458969	0.0	854
AF017113.1_cds_AAC67278.1_1_yzhA/pchR	CP061870.1	96.667	510	1	510	3913064	3913573	0.0	848
AF017113.1_cds_AAC67278.1_1_yzhA/pchR	CP125292.1	96.667	510	1	510	1647989	1648498	0.0	848
AF017113.1_cds_AAC67280.1_1_cypB/cypX	CP075344.1	100.000	1218	1	1218	3603332	3602115	0.0	2250
AF017113.1_cds_AAC67280.1_1_cypB/cypX	CP035394.1	100.000	1218	1	1218	3427221	3426004	0.0	2250
AF017113.1_cds_AAC67280.1_1_cypB/cypX	CP015004.1	100.000	1218	1	1218	3583401	3582184	0.0	2250
AF017113.1_cds_AAC67280.1_1_cypB/cypX	OX419580.1	100.000	1218	1	1218	3695663	3694446	0.0	2250
AF017113.1_cds_AAC67280.1_1_cypB/cypX	CP106791.1	100.000	1218	1	1218	3667558	3666341	0.0	2250
AF017113.1_cds_AAC67280.1_1_cypB/cypX	AP024623.1	100.000	1218	1	1218	3572420	3571203	0.0	2250
AF017113.1_cds_AAC67280.1_1_cypB/cypX	CP032310.1	100.000	1218	1	1218	3603429	3602212	0.0	2250
AF017113.1_cds_AAC67280.1_1_cypB/cypX	CP159874.1	100.000	1218	1	1218	772222	773439	0.0	2250
AF017113.1_cds_AAC67280.1_1_cypB/cypX	CP064094.1	100.000	1218	1	1218	2082321	2083538	0.0	2250
AF017113.1_cds_AAC67280.1_1_cypB/cypX	CP195112.1	100.000	1218	1	1218	3651226	3650009	0.0	2250
AF017113.1_cds_AAC67280.1_1_cypB/cypX	AP012496.1	100.000	1218	1	1218	3431332	3430115	0.0	2250
AF017113.1_cds_AAC67280.1_1_cypB/cypX	CP064093.1	100.000	1218	1	1218	1666039	1667256	0.0	2250
AF017113.1_cds_AAC67280.1_1_cypB/cypX	OX419570.1	100.000	1218	1	1218	3546728	3545511	0.0	2250
AF017113.1_cds_AAC67280.1_1_cypB/cypX	CP051466.1	100.000	1218	1	1218	3445759	3444542	0.0	2250
AF017113.1_cds_AAC67280.1_1_cypB/cypX	CP008698.1	100.000	1218	1	1218	3581843	3580626	0.0	2250
AF017113.1_cds_AAC67280.1_1_cypB/cypX	CP011115.1	100.000	1218	1	1218	3603806	3602589	0.0	2250
AF017113.1_cds_AAC67280.1_1_cypB/cypX	OX419563.1	100.000	1218	1	1218	3603509	3602292	0.0	2250
AF017113.1_cds_AAC67280.1_1_cypB/cypX	AF017113.1	100.000	1218	1	1218	24518	25735	0.0	2250
AF017113.1_cds_AAC67280.1_1_cypB/cypX	CP045672.1	100.000	1218	1	1218	3628593	3627376	0.0	2250
AF017113.1_cds_AAC67280.1_1_cypB/cypX	CP035230.1	100.000	1218	1	1218	3434742	3433525	0.0	2250
AF017113.1_cds_AAC67280.1_1_cypB/cypX	CP060710.1	100.000	1218	1	1218	3603847	3602630	0.0	2250
AF017113.1_cds_AAC67280.1_1_cypB/cypX	CP006881.1	100.000	1218	1	1218	3421659	3420442	0.0	2250
AF017113.1_cds_AAC67280.1_1_cypB/cypX	CP125981.1	100.000	1218	1	1218	3498393	3497176	0.0	2250
AF017113.1_cds_AAC67280.1_1_cypB/cypX	CP120681.2	100.000	1218	1	1218	3603394	3602177	0.0	2250
AF017113.1_cds_AAC67280.1_1_cypB/cypX	CP015375.1	100.000	1218	1	1218	1008330	1009547	0.0	2250
AF017113.1_cds_AAC67280.1_1_cypB/cypX	CP080629.1	100.000	1218	1	1218	3484385	3483168	0.0	2250
AF017113.1_cds_AAC67280.1_1_cypB/cypX	CP031129.1	100.000	1218	1	1218	3437947	3436730	0.0	2250
AF017113.1_cds_AAC67280.1_1_cypB/cypX	CP183238.1	100.000	1218	1	1218	3492777	3491560	0.0	2250
AF017113.1_cds_AAC67280.1_1_cypB/cypX	CP139440.1	100.000	1218	1	1218	3603475	3602258	0.0	2250
AF017113.1_cds_AAC67280.1_1_cypB/cypX	AP019714.1	100.000	1218	1	1218	3599108	3597891	0.0	2250
AF017113.1_cds_AAC67280.1_1_cypB/cypX	CP103351.1	100.000	1218	1	1218	3537844	3536627	0.0	2250
AF017113.1_cds_AAC67280.1_1_cypB/cypX	CP172966.1	100.000	1218	1	1218	451584	452801	0.0	2250
AF017113.1_cds_AAC67280.1_1_cypB/cypX	CP159912.1	100.000	1218	1	1218	772431	773648	0.0	2250
AF017113.1_cds_AAC67280.1_1_cypB/cypX	CP050532.1	100.000	1218	1	1218	3600660	3599443	0.0	2250
AF017113.1_cds_AAC67280.1_1_cypB/cypX	CP046592.1	100.000	1218	1	1218	3498380	3497163	0.0	2250
AF017113.1_cds_AAC67280.1_1_cypB/cypX	CP132912.1	100.000	1218	1	1218	3372938	3371721	0.0	2250
AF017113.1_cds_AAC67280.1_1_cypB/cypX	CP007800.1	100.000	1218	1	1218	3576572	3575355	0.0	2250
AF017113.1_cds_AAC67280.1_1_cypB/cypX	CP101937.1	100.000	1218	1	1218	3534964	3533747	0.0	2250
AF017113.1_cds_AAC67280.1_1_cypB/cypX	CP028215.1	100.000	1218	1	1218	1617918	1616701	0.0	2250
AF017113.1_cds_AAC67280.1_1_cypB/cypX	LN649259.1	100.000	1218	1	1218	3639850	3638633	0.0	2250
AF017113.1_cds_AAC67280.1_1_cypB/cypX	CP058242.1	100.000	1218	1	1218	3603811	3602594	0.0	2250
AF017113.1_cds_AAC67280.1_1_cypB/cypX	CP045922.1	100.000	1218	1	1218	3603394	3602177	0.0	2250
AF017113.1_cds_AAC67280.1_1_cypB/cypX	LN680001.1	100.000	1218	1	1218	3621813	3620596	0.0	2250
AF017113.1_cds_AAC67280.1_1_cypB/cypX	CP010314.1	100.000	1218	1	1218	3583300	3582083	0.0	2250
AF017113.1_cds_AAC67280.1_1_cypB/cypX	CP102769.1	100.000	1218	1	1218	3603400	3602183	0.0	2250
AF017113.1_cds_AAC67280.1_1_cypB/cypX	CP170734.1	100.000	1218	1	1218	3603488	3602271	0.0	2250
AF017113.1_cds_AAC67280.1_1_cypB/cypX	CP047325.1	100.000	1218	1	1218	902416	901199	0.0	2250
AF017113.1_cds_AAC67280.1_1_cypB/cypX	CP157084.1	100.000	1218	1	1218	3612464	3611247	0.0	2250
AF017113.1_cds_AAC67280.1_1_cypB/cypX	CP022391.1	100.000	1218	1	1218	3603805	3602588	0.0	2250
AF017113.1_cds_AAC67280.1_1_cypB/cypX	OX419575.1	100.000	1218	1	1218	3491286	3490069	0.0	2250
AF017113.1_cds_AAC67280.1_1_cypB/cypX	CP017312.1	100.000	1218	1	1218	3606143	3604926	0.0	2250
AF017113.1_cds_AAC67280.1_1_cypB/cypX	CP149576.1	100.000	1218	1	1218	3599029	3597812	0.0	2250
AF017113.1_cds_AAC67280.1_1_cypB/cypX	OX419565.1	100.000	1218	1	1218	3451126	3449909	0.0	2250
AF017113.1_cds_AAC67280.1_1_cypB/cypX	CP118167.1	100.000	1218	1	1218	3636478	3635261	0.0	2250
AF017113.1_cds_AAC67280.1_1_cypB/cypX	CP187577.1	100.000	1218	1	1218	3599035	3597818	0.0	2250
AF017113.1_cds_AAC67280.1_1_cypB/cypX	CP054050.1	100.000	1218	1	1218	623641	624858	0.0	2250
AF017113.1_cds_AAC67280.1_1_cypB/cypX	CP010053.1	100.000	1218	1	1218	3603571	3602354	0.0	2250
AF017113.1_cds_AAC67280.1_1_cypB/cypX	CP033205.1	100.000	1218	1	1218	3464415	3463198	0.0	2250
AF017113.1_cds_AAC67280.1_1_cypB/cypX	CP125762.1	100.000	1218	1	1218	646977	648194	0.0	2250
AF017113.1_cds_AAC67280.1_1_cypB/cypX	CP137756.1	100.000	1218	1	1218	3603393	3602176	0.0	2250
AF017113.1_cds_AAC67280.1_1_cypB/cypX	AP024627.1	100.000	1218	1	1218	3575974	3574757	0.0	2250
AF017113.1_cds_AAC67280.1_1_cypB/cypX	AP024628.1	100.000	1218	1	1218	3598840	3597623	0.0	2250
AF017113.1_cds_AAC67280.1_1_cypB/cypX	CP045812.1	100.000	1218	1	1218	3603393	3602176	0.0	2250
AF017113.1_cds_AAC67280.1_1_cypB/cypX	CP178213.1	100.000	1218	1	1218	613619	614836	0.0	2250
AF017113.1_cds_AAC67280.1_1_cypB/cypX	CP082924.1	100.000	1218	1	1218	3603398	3602181	0.0	2250
AF017113.1_cds_AAC67280.1_1_cypB/cypX	CP133412.1	100.000	1218	1	1218	3401460	3400243	0.0	2250
AF017113.1_cds_AAC67280.1_1_cypB/cypX	OX419567.1	100.000	1218	1	1218	3489445	3488228	0.0	2250
AF017113.1_cds_AAC67280.1_1_cypB/cypX	CP104962.1	100.000	1218	1	1218	2336418	2337635	0.0	2250
AF017113.1_cds_AAC67280.1_1_cypB/cypX	CP035166.1	100.000	1218	1	1218	3496461	3495244	0.0	2250
AF017113.1_cds_AAC67280.1_1_cypB/cypX	CP051465.1	100.000	1218	1	1218	3445558	3444341	0.0	2250
AF017113.1_cds_AAC67280.1_1_cypB/cypX	CP064095.1	100.000	1218	1	1218	2571169	2572386	0.0	2250
AF017113.1_cds_AAC67280.1_1_cypB/cypX	CP150487.1	100.000	1218	1	1218	3603406	3602189	0.0	2250
AF017113.1_cds_AAC67280.1_1_cypB/cypX	CP003329.1	100.000	1218	1	1218	3603786	3602569	0.0	2250
AF017113.1_cds_AAC67280.1_1_cypB/cypX	CP015975.1	100.000	1218	1	1218	3265117	3263900	0.0	2250
AF017113.1_cds_AAC67280.1_1_cypB/cypX	AP024626.1	100.000	1218	1	1218	3571232	3570015	0.0	2250
AF017113.1_cds_AAC67280.1_1_cypB/cypX	CP151685.1	100.000	1218	1	1218	3603407	3602190	0.0	2250
AF017113.1_cds_AAC67280.1_1_cypB/cypX	OX419551.1	100.000	1218	1	1218	3492791	3491574	0.0	2250
AF017113.1_cds_AAC67280.1_1_cypB/cypX	AP024625.1	100.000	1218	1	1218	3569882	3568665	0.0	2250
AF017113.1_cds_AAC67280.1_1_cypB/cypX	CP066380.1	100.000	1218	1	1218	3562463	3561246	0.0	2250
AF017113.1_cds_AAC67280.1_1_cypB/cypX	CP028212.1	100.000	1218	1	1218	3333452	3334669	0.0	2250
AF017113.1_cds_AAC67280.1_1_cypB/cypX	CP047485.1	100.000	1218	1	1218	3496267	3495050	0.0	2250
AF017113.1_cds_AAC67280.1_1_cypB/cypX	CP163458.1	100.000	1218	1	1218	3872437	3871220	0.0	2250
AF017113.1_cds_AAC67280.1_1_cypB/cypX	CP120622.2	100.000	1218	1	1218	3528279	3527062	0.0	2250
AF017113.1_cds_AAC67280.1_1_cypB/cypX	OX419576.1	100.000	1218	1	1218	3456117	3454900	0.0	2250
AF017113.1_cds_AAC67280.1_1_cypB/cypX	CP112873.1	100.000	1218	1	1218	3605612	3604395	0.0	2250
AF017113.1_cds_AAC67280.1_1_cypB/cypX	CP130597.1	100.000	1218	1	1218	3603845	3602628	0.0	2250
AF017113.1_cds_AAC67280.1_1_cypB/cypX	OX419569.1	100.000	1218	1	1218	3649123	3647906	0.0	2250
AF017113.1_cds_AAC67280.1_1_cypB/cypX	CP125660.1	100.000	1218	1	1218	3603417	3602200	0.0	2250
AF017113.1_cds_AAC67280.1_1_cypB/cypX	AP024624.1	100.000	1218	1	1218	3569597	3568380	0.0	2250
AF017113.1_cds_AAC67280.1_1_cypB/cypX	CP127089.1	100.000	1218	1	1218	3401461	3400244	0.0	2250
AF017113.1_cds_AAC67280.1_1_cypB/cypX	CP020915.1	100.000	1218	1	1218	1966697	1965480	0.0	2250
AF017113.1_cds_AAC67280.1_1_cypB/cypX	CP045821.1	100.000	1218	1	1218	3584622	3583405	0.0	2250
AF017113.1_cds_AAC67280.1_1_cypB/cypX	AP024621.1	100.000	1218	1	1218	3585715	3584498	0.0	2250
AF017113.1_cds_AAC67280.1_1_cypB/cypX	CP065789.1	100.000	1218	1	1218	3603407	3602190	0.0	2250
AF017113.1_cds_AAC67280.1_1_cypB/cypX	CP014166.1	100.000	1218	1	1218	3444483	3443266	0.0	2250
AF017113.1_cds_AAC67280.1_1_cypB/cypX	CP064096.1	100.000	1218	1	1218	35539	36756	0.0	2250
AF017113.1_cds_AAC67280.1_1_cypB/cypX	CP089592.1	100.000	1218	1	1218	3608402	3607185	0.0	2250
AF017113.1_cds_AAC67280.1_1_cypB/cypX	CP045811.1	100.000	1218	1	1218	3451351	3450134	0.0	2250
AF017113.1_cds_AAC67280.1_1_cypB/cypX	CP003783.1	100.000	1218	1	1218	3535246	3534029	0.0	2250
AF017113.1_cds_AAC67280.1_1_cypB/cypX	CP045478.1	100.000	1218	1	1218	1250952	1252169	0.0	2250
AF017113.1_cds_AAC67280.1_1_cypB/cypX	CP120613.2	100.000	1218	1	1218	3592534	3591317	0.0	2250
AF017113.1_cds_AAC67280.1_1_cypB/cypX	CP133449.1	100.000	1218	1	1218	3359331	3358114	0.0	2250
AF017113.1_cds_AAC67280.1_1_cypB/cypX	CP130596.1	100.000	1218	1	1218	3603844	3602627	0.0	2250
AF017113.1_cds_AAC67280.1_1_cypB/cypX	AP024622.1	100.000	1218	1	1218	3583985	3582768	0.0	2250
AF017113.1_cds_AAC67280.1_1_cypB/cypX	CP155054.1	100.000	1218	1	1218	504202	505419	0.0	2250
AF017113.1_cds_AAC67280.1_1_cypB/cypX	CP017313.1	100.000	1218	1	1218	2619382	2618165	0.0	2250
AF017113.1_cds_AAC67280.1_1_cypB/cypX	CP116391.1	100.000	1218	1	1218	3619778	3618561	0.0	2250
AF017113.1_cds_AAC67280.1_1_cypB/cypX	AP012495.1	100.000	1218	1	1218	6973760	6972543	0.0	2250
AF017113.1_cds_AAC67280.1_1_cypB/cypX	CP103066.1	100.000	1218	1	1218	3603433	3602216	0.0	2250
AF017113.1_cds_AAC67280.1_1_cypB/cypX	CP136919.1	99.918	1218	1	1218	426055	424838	0.0	2244
AF017113.1_cds_AAC67280.1_1_cypB/cypX	CP092631.1	99.918	1218	1	1218	3602189	3600972	0.0	2244
AF017113.1_cds_AAC67280.1_1_cypB/cypX	CP054177.1	99.918	1218	1	1218	3472905	3471688	0.0	2244
AF017113.1_cds_AAC67280.1_1_cypB/cypX	CP187546.1	99.918	1218	1	1218	3439129	3437912	0.0	2244
AF017113.1_cds_AAC67280.1_1_cypB/cypX	CP184275.1	99.918	1218	1	1218	3377524	3376307	0.0	2244
AF017113.1_cds_AAC67280.1_1_cypB/cypX	CP045823.1	99.918	1218	1	1218	3604806	3603589	0.0	2244
AF017113.1_cds_AAC67280.1_1_cypB/cypX	OX419553.1	99.918	1218	1	1218	3643902	3642685	0.0	2244
AF017113.1_cds_AAC67280.1_1_cypB/cypX	CP035164.1	99.918	1218	1	1218	3519593	3518376	0.0	2244
AF017113.1_cds_AAC67280.1_1_cypB/cypX	OX419559.1	99.918	1218	1	1218	3481313	3480096	0.0	2244
AF017113.1_cds_AAC67280.1_1_cypB/cypX	CP139103.1	99.918	1218	1	1218	1254942	1256159	0.0	2244
AF017113.1_cds_AAC67280.1_1_cypB/cypX	CP062497.1	99.918	1218	1	1218	3565553	3564336	0.0	2244
AF017113.1_cds_AAC67280.1_1_cypB/cypX	CP110365.1	99.918	1218	1	1218	3481265	3480048	0.0	2244
AF017113.1_cds_AAC67280.1_1_cypB/cypX	CP045820.1	99.918	1218	1	1218	3647529	3646312	0.0	2244
AF017113.1_cds_AAC67280.1_1_cypB/cypX	CP045819.1	99.918	1218	1	1218	3488861	3487644	0.0	2244
AF017113.1_cds_AAC67280.1_1_cypB/cypX	OX419564.1	99.918	1218	1	1218	3610151	3608934	0.0	2244
AF017113.1_cds_AAC67280.1_1_cypB/cypX	CP045826.1	99.918	1218	1	1218	3548517	3547300	0.0	2244
AF017113.1_cds_AAC67280.1_1_cypB/cypX	OX419560.1	99.918	1218	1	1218	3482833	3481616	0.0	2244
AF017113.1_cds_AAC67280.1_1_cypB/cypX	OX419579.1	99.918	1218	1	1218	3648047	3646830	0.0	2244
AF017113.1_cds_AAC67280.1_1_cypB/cypX	OX419550.1	99.918	1218	1	1218	3481315	3480098	0.0	2244
AF017113.1_cds_AAC67280.1_1_cypB/cypX	CP045818.1	99.918	1218	1	1218	3471215	3469998	0.0	2244
AF017113.1_cds_AAC67280.1_1_cypB/cypX	CP194175.1	99.918	1218	1	1218	3473842	3472625	0.0	2244
AF017113.1_cds_AAC67280.1_1_cypB/cypX	CP045824.1	99.918	1218	1	1218	3610565	3609348	0.0	2244
AF017113.1_cds_AAC67280.1_1_cypB/cypX	CP120598.2	99.918	1218	1	1218	3528273	3527056	0.0	2244
AF017113.1_cds_AAC67280.1_1_cypB/cypX	CP147410.1	99.918	1218	1	1218	2014839	2016056	0.0	2244
AF017113.1_cds_AAC67280.1_1_cypB/cypX	CP005997.1	99.918	1218	1	1218	3448311	3447094	0.0	2244
AF017113.1_cds_AAC67280.1_1_cypB/cypX	CP011882.1	99.918	1218	1	1218	343408	342191	0.0	2244
AF017113.1_cds_AAC67280.1_1_cypB/cypX	CP101931.1	99.836	1218	1	1218	3457272	3456055	0.0	2239
AF017113.1_cds_AAC67280.1_1_cypB/cypX	CP101930.1	99.836	1218	1	1218	3457271	3456054	0.0	2239
AF017113.1_cds_AAC67280.1_1_cypB/cypX	CP101936.1	99.836	1218	1	1218	3457272	3456055	0.0	2239
AF017113.1_cds_AAC67280.1_1_cypB/cypX	CP045825.1	99.836	1218	1	1218	3534608	3533391	0.0	2239
AF017113.1_cds_AAC67280.1_1_cypB/cypX	CP187656.1	99.836	1218	1	1218	3653558	3652341	0.0	2239
AF017113.1_cds_AAC67280.1_1_cypB/cypX	CP160396.1	99.836	1218	1	1218	621192	622409	0.0	2239
AF017113.1_cds_AAC67280.1_1_cypB/cypX	CP185918.1	99.836	1218	1	1218	3426421	3425204	0.0	2239
AF017113.1_cds_AAC67280.1_1_cypB/cypX	CP101290.1	99.836	1218	1	1218	3474772	3473555	0.0	2239
AF017113.1_cds_AAC67280.1_1_cypB/cypX	CP129123.1	99.836	1218	1	1218	3450493	3449276	0.0	2239
AF017113.1_cds_AAC67280.1_1_cypB/cypX	CP014858.1	99.836	1218	1	1218	617989	619206	0.0	2239
AF017113.1_cds_AAC67280.1_1_cypB/cypX	AP028964.1	99.836	1218	1	1218	628321	629538	0.0	2239
AF017113.1_cds_AAC67280.1_1_cypB/cypX	CP133653.1	99.836	1218	1	1218	3442830	3441613	0.0	2239
AF017113.1_cds_AAC67280.1_1_cypB/cypX	CP093289.1	99.836	1218	1	1218	3544137	3542920	0.0	2239
AF017113.1_cds_AAC67280.1_1_cypB/cypX	CP031693.1	99.836	1218	1	1218	22519	21302	0.0	2239
AF017113.1_cds_AAC67280.1_1_cypB/cypX	CP003695.1	99.836	1218	1	1218	621193	622410	0.0	2239
AF017113.1_cds_AAC67280.1_1_cypB/cypX	CP069238.1	99.836	1218	1	1218	3646626	3645409	0.0	2239
AF017113.1_cds_AAC67280.1_1_cypB/cypX	CP031675.1	99.836	1218	1	1218	3427828	3426611	0.0	2239
AF017113.1_cds_AAC67280.1_1_cypB/cypX	CP123977.1	99.836	1218	1	1218	3468098	3466881	0.0	2239
AF017113.1_cds_AAC67280.1_1_cypB/cypX	OX419557.1	99.836	1218	1	1218	3615966	3614749	0.0	2239
AF017113.1_cds_AAC67280.1_1_cypB/cypX	CP149444.1	99.836	1218	1	1218	3464904	3463687	0.0	2239
AF017113.1_cds_AAC67280.1_1_cypB/cypX	OX419555.1	99.836	1218	1	1218	3565895	3564678	0.0	2239
AF017113.1_cds_AAC67280.1_1_cypB/cypX	OX419645.1	99.836	1218	1	1218	3504577	3503360	0.0	2239
AF017113.1_cds_AAC67280.1_1_cypB/cypX	CP143526.1	99.836	1218	1	1218	2393212	2391995	0.0	2239
AF017113.1_cds_AAC67280.1_1_cypB/cypX	CP076445.1	99.836	1218	1	1218	3469948	3468731	0.0	2239
AF017113.1_cds_AAC67280.1_1_cypB/cypX	CP162517.1	99.836	1218	1	1218	3605186	3603969	0.0	2239
AF017113.1_cds_AAC67280.1_1_cypB/cypX	CP035161.1	99.836	1218	1	1218	3517107	3515890	0.0	2239
AF017113.1_cds_AAC67280.1_1_cypB/cypX	CP069239.1	99.836	1218	1	1218	1281459	1282676	0.0	2239
AF017113.1_cds_AAC67280.1_1_cypB/cypX	CP035397.1	99.836	1218	1	1218	3410926	3409709	0.0	2239
AF017113.1_cds_AAC67280.1_1_cypB/cypX	CP103328.1	99.836	1218	1	1218	3305566	3304349	0.0	2239
AF017113.1_cds_AAC67280.1_1_cypB/cypX	CP104878.1	99.836	1218	1	1218	3483059	3481842	0.0	2239
AF017113.1_cds_AAC67280.1_1_cypB/cypX	CP147494.1	99.754	1218	1	1218	3549524	3548307	0.0	2233
AF017113.1_cds_AAC67280.1_1_cypB/cypX	CP080508.1	99.754	1218	1	1218	1355794	1354577	0.0	2233
AF017113.1_cds_AAC67280.1_1_cypB/cypX	CP028201.1	99.754	1218	1	1218	3230239	3229022	0.0	2233
AF017113.1_cds_AAC67280.1_1_cypB/cypX	CP114899.1	99.754	1218	1	1218	3920841	3922058	0.0	2233
AF017113.1_cds_AAC67280.1_1_cypB/cypX	CP007409.1	99.754	1218	1	1218	3415001	3413784	0.0	2233
AF017113.1_cds_AAC67280.1_1_cypB/cypX	CP035403.1	99.754	1218	1	1218	3471432	3470215	0.0	2233
AF017113.1_cds_AAC67280.1_1_cypB/cypX	CP172417.1	99.754	1218	1	1218	3817386	3816169	0.0	2233
AF017113.1_cds_AAC67280.1_1_cypB/cypX	CP029461.2	99.672	1218	1	1218	3376083	3374867	0.0	2226
AF017113.1_cds_AAC67280.1_1_cypB/cypX	CP017112.1	99.589	1218	1	1218	3551691	3550474	0.0	2222
AF017113.1_cds_AAC67280.1_1_cypB/cypX	CP029609.1	99.507	1218	1	1218	3591260	3590043	0.0	2217
AF017113.1_cds_AAC67280.1_1_cypB/cypX	CP178514.1	99.507	1218	1	1218	3571288	3570071	0.0	2217
AF017113.1_cds_AAC67280.1_1_cypB/cypX	CP028209.1	99.507	1218	1	1218	1288376	1289593	0.0	2217
AF017113.1_cds_AAC67280.1_1_cypB/cypX	CP154865.1	99.507	1218	1	1218	3298208	3296994	0.0	2213
AF017113.1_cds_AAC67280.1_1_cypB/cypX	CP051306.1	99.507	1218	1	1218	3472220	3471006	0.0	2213
AF017113.1_cds_AAC67280.1_1_cypB/cypX	CP152362.1	99.425	1218	1	1218	3493557	3492340	0.0	2211
AF017113.1_cds_AAC67280.1_1_cypB/cypX	CP188116.1	99.425	1218	1	1218	3491105	3489888	0.0	2211
AF017113.1_cds_AAC67280.1_1_cypB/cypX	CP173415.1	99.833	1196	1	1196	3543636	3542441	0.0	2198
AF017113.1_cds_AAC67280.1_1_cypB/cypX	CP127278.1	99.179	1218	1	1218	783454	784671	0.0	2194
AF017113.1_cds_AAC67280.1_1_cypB/cypX	CP028202.1	99.179	1218	1	1218	3613984	3615201	0.0	2194
AF017113.1_cds_AAC67280.1_1_cypB/cypX	CP121735.2	99.179	1218	1	1218	3460329	3459112	0.0	2194
AF017113.1_cds_AAC67280.1_1_cypB/cypX	CP107539.1	99.179	1218	1	1218	3432316	3431099	0.0	2194
AF017113.1_cds_AAC67280.1_1_cypB/cypX	CP154920.1	99.097	1218	1	1218	790053	791270	0.0	2189
AF017113.1_cds_AAC67280.1_1_cypB/cypX	CP154918.1	99.097	1218	1	1218	3954992	3956209	0.0	2189
AF017113.1_cds_AAC67280.1_1_cypB/cypX	CP154923.1	99.097	1218	1	1218	725548	726765	0.0	2189
AF017113.1_cds_AAC67280.1_1_cypB/cypX	CP029052.1	98.768	1218	1	1218	3701545	3700328	0.0	2167
AF017113.1_cds_AAC67280.1_1_cypB/cypX	CP147492.1	98.768	1218	1	1218	3439033	3437816	0.0	2167
AF017113.1_cds_AAC67280.1_1_cypB/cypX	CP110105.1	98.768	1218	1	1218	2244514	2243297	0.0	2167
AF017113.1_cds_AAC67280.1_1_cypB/cypX	CP095736.1	98.768	1218	1	1218	3596689	3595472	0.0	2167
AF017113.1_cds_AAC67280.1_1_cypB/cypX	CP092824.1	98.768	1218	1	1218	1987707	1986490	0.0	2167
AF017113.1_cds_AAC67280.1_1_cypB/cypX	CP021123.1	98.768	1218	1	1218	638884	640101	0.0	2167
AF017113.1_cds_AAC67280.1_1_cypB/cypX	CP093067.1	98.768	1218	1	1218	3002687	3001470	0.0	2167
AF017113.1_cds_AAC67280.1_1_cypB/cypX	CP035413.1	98.768	1218	1	1218	3491729	3490512	0.0	2167
AF017113.1_cds_AAC67280.1_1_cypB/cypX	CP044498.1	98.851	1218	1	1218	3499977	3498771	0.0	2161
AF017113.1_cds_AAC67280.1_1_cypB/cypX	CP016894.1	98.851	1218	1	1218	3608368	3607162	0.0	2161
AF017113.1_cds_AAC67280.1_1_cypB/cypX	CP032860.1	98.851	1218	1	1218	929453	928247	0.0	2161
AF017113.1_cds_AAC67280.1_1_cypB/cypX	CP068982.1	98.851	1218	1	1218	3661987	3660781	0.0	2161
AF017113.1_cds_AAC67280.1_1_cypB/cypX	CP031784.1	98.522	1218	1	1218	2582274	2581057	0.0	2150
AF017113.1_cds_AAC67280.1_1_cypB/cypX	CP180575.1	98.522	1218	1	1218	1573647	1572430	0.0	2150
AF017113.1_cds_AAC67280.1_1_cypB/cypX	CP126097.1	98.522	1218	1	1218	3605696	3604479	0.0	2150
AF017113.1_cds_AAC67280.1_1_cypB/cypX	CP021498.1	98.522	1218	1	1218	3371733	3370516	0.0	2150
AF017113.1_cds_AAC67280.1_1_cypB/cypX	CP120621.2	98.522	1218	1	1218	3457586	3458803	0.0	2150
AF017113.1_cds_AAC67280.1_1_cypB/cypX	CP021889.1	98.522	1218	1	1218	3371757	3370540	0.0	2150
AF017113.1_cds_AAC67280.1_1_cypB/cypX	CP129338.1	98.522	1218	1	1218	3714106	3712889	0.0	2150
AF017113.1_cds_AAC67280.1_1_cypB/cypX	CP035390.1	98.522	1218	1	1218	3496378	3495161	0.0	2150
AF017113.1_cds_AAC67280.1_1_cypB/cypX	CP021499.1	98.522	1218	1	1218	3371769	3370552	0.0	2150
AF017113.1_cds_AAC67280.1_1_cypB/cypX	CP139188.1	98.522	1218	1	1218	3567555	3566338	0.0	2150
AF017113.1_cds_AAC67280.1_1_cypB/cypX	CP026035.1	98.522	1218	1	1218	2862505	2863722	0.0	2150
AF017113.1_cds_AAC67280.1_1_cypB/cypX	CP026039.1	98.522	1218	1	1218	1436577	1435360	0.0	2150
AF017113.1_cds_AAC67280.1_1_cypB/cypX	CP045816.1	98.522	1218	1	1218	3495509	3494292	0.0	2150
AF017113.1_cds_AAC67280.1_1_cypB/cypX	CP035414.1	98.522	1218	1	1218	3412986	3411769	0.0	2150
AF017113.1_cds_AAC67280.1_1_cypB/cypX	CP026038.1	98.522	1218	1	1218	1085838	1084621	0.0	2150
AF017113.1_cds_AAC67280.1_1_cypB/cypX	CP071043.1	98.440	1218	1	1218	3471390	3470173	0.0	2145
AF017113.1_cds_AAC67280.1_1_cypB/cypX	CP113256.1	98.440	1218	1	1218	3442530	3441313	0.0	2145
AF017113.1_cds_AAC67280.1_1_cypB/cypX	OX419578.1	98.440	1218	1	1218	3390488	3389271	0.0	2145
AF017113.1_cds_AAC67280.1_1_cypB/cypX	CP026034.1	98.440	1218	1	1218	1329026	1327809	0.0	2145
AF017113.1_cds_AAC67280.1_1_cypB/cypX	CP026037.1	98.440	1218	1	1218	4073508	4072291	0.0	2145
AF017113.1_cds_AAC67280.1_1_cypB/cypX	CP040528.1	98.358	1218	1	1218	3456867	3455650	0.0	2139
AF017113.1_cds_AAC67280.1_1_cypB/cypX	CP020367.1	98.358	1218	1	1218	3457213	3455996	0.0	2139
AF017113.1_cds_AAC67280.1_1_cypB/cypX	CP128183.1	98.358	1218	1	1218	3441808	3440591	0.0	2139
AF017113.1_cds_AAC67280.1_1_cypB/cypX	CP194218.1	98.358	1218	1	1218	2612337	2611120	0.0	2139
AF017113.1_cds_AAC67280.1_1_cypB/cypX	CP103350.1	98.358	1218	1	1218	3638257	3637040	0.0	2139
AF017113.1_cds_AAC67280.1_1_cypB/cypX	CP194217.1	98.358	1218	1	1218	438689	437472	0.0	2139
AF017113.1_cds_AAC67280.1_1_cypB/cypX	CP120600.2	98.358	1218	1	1218	3654604	3653387	0.0	2139
AF017113.1_cds_AAC67280.1_1_cypB/cypX	CP026036.1	98.358	1218	1	1218	3073744	3072527	0.0	2139
AF017113.1_cds_AAC67280.1_1_cypB/cypX	CP166831.1	98.358	1218	1	1218	3543429	3542212	0.0	2139
AF017113.1_cds_AAC67280.1_1_cypB/cypX	CP035226.1	98.358	1218	1	1218	3574100	3572883	0.0	2139
AF017113.1_cds_AAC67280.1_1_cypB/cypX	CP047645.1	98.358	1218	1	1218	3489218	3488001	0.0	2139
AF017113.1_cds_AAC67280.1_1_cypB/cypX	CP026030.1	98.358	1218	1	1218	2692118	2693335	0.0	2139
AF017113.1_cds_AAC67280.1_1_cypB/cypX	CP028213.1	98.358	1218	1	1218	114463	115680	0.0	2139
AF017113.1_cds_AAC67280.1_1_cypB/cypX	CP120603.2	98.358	1218	1	1218	3608310	3607093	0.0	2139
AF017113.1_cds_AAC67280.1_1_cypB/cypX	CP045006.1	98.276	1218	1	1218	624827	626044	0.0	2134
AF017113.1_cds_AAC67280.1_1_cypB/cypX	CP180592.1	98.276	1218	1	1218	3475558	3474341	0.0	2134
AF017113.1_cds_AAC67280.1_1_cypB/cypX	CP046047.1	98.276	1218	1	1218	624860	626077	0.0	2134
AF017113.1_cds_AAC67280.1_1_cypB/cypX	CP194791.1	98.276	1218	1	1218	3680838	3682055	0.0	2134
AF017113.1_cds_AAC67280.1_1_cypB/cypX	CP192440.1	98.276	1218	1	1218	1873087	1871870	0.0	2134
AF017113.1_cds_AAC67280.1_1_cypB/cypX	CP035411.1	98.276	1218	1	1218	3496272	3495056	0.0	2132
AF017113.1_cds_AAC67280.1_1_cypB/cypX	CP115738.1	98.276	1218	1	1218	3629414	3628198	0.0	2132
AF017113.1_cds_AAC67280.1_1_cypB/cypX	CP045817.1	98.276	1218	1	1218	3453589	3452373	0.0	2132
AF017113.1_cds_AAC67280.1_1_cypB/cypX	CP136257.1	98.276	1218	1	1218	3596370	3595154	0.0	2132
AF017113.1_cds_AAC67280.1_1_cypB/cypX	CP064818.1	98.276	1218	1	1218	2737106	2738322	0.0	2132
AF017113.1_cds_AAC67280.1_1_cypB/cypX	CP035167.1	98.276	1218	1	1218	3452390	3451174	0.0	2132
AF017113.1_cds_AAC67280.1_1_cypB/cypX	CP072525.1	98.276	1218	1	1218	3533292	3532076	0.0	2132
AF017113.1_cds_AAC67280.1_1_cypB/cypX	CP126094.1	98.276	1218	1	1218	3456155	3454939	0.0	2132
AF017113.1_cds_AAC67280.1_1_cypB/cypX	CP126973.1	98.276	1218	1	1218	3536416	3535200	0.0	2132
AF017113.1_cds_AAC67280.1_1_cypB/cypX	CP107039.1	98.276	1218	1	1218	3635230	3636446	0.0	2132
AF017113.1_cds_AAC67280.1_1_cypB/cypX	CP126082.1	98.276	1218	1	1218	3456369	3455153	0.0	2132
AF017113.1_cds_AAC67280.1_1_cypB/cypX	CP126083.1	98.276	1218	1	1218	3456369	3455153	0.0	2132
AF017113.1_cds_AAC67280.1_1_cypB/cypX	CP106671.1	98.276	1218	1	1218	624072	625288	0.0	2132
AF017113.1_cds_AAC67280.1_1_cypB/cypX	CP178617.1	98.276	1218	1	1218	3490227	3489011	0.0	2132
AF017113.1_cds_AAC67280.1_1_cypB/cypX	CP178617.1	98.224	901	318	1218	3487491	3486591	0.0	1576
AF017113.1_cds_AAC67280.1_1_cypB/cypX	CP089269.1	98.276	1218	1	1218	623678	624894	0.0	2132
AF017113.1_cds_AAC67280.1_1_cypB/cypX	CP097130.1	98.276	1218	1	1218	3452361	3451145	0.0	2132
AF017113.1_cds_AAC67280.1_1_cypB/cypX	CP092369.1	98.276	1218	1	1218	3641510	3640294	0.0	2132
AF017113.1_cds_AAC67280.1_1_cypB/cypX	CP106673.1	98.276	1218	1	1218	3469281	3468065	0.0	2132
AF017113.1_cds_AAC67280.1_1_cypB/cypX	CP035165.1	98.276	1218	1	1218	3524197	3522981	0.0	2132
AF017113.1_cds_AAC67280.1_1_cypB/cypX	CP186004.1	98.276	1218	1	1218	3457288	3456072	0.0	2132
AF017113.1_cds_AAC67280.1_1_cypB/cypX	CP110213.1	98.276	1218	1	1218	632259	633475	0.0	2132
AF017113.1_cds_AAC67280.1_1_cypB/cypX	CP144137.1	98.276	1218	1	1218	3513411	3512195	0.0	2132
AF017113.1_cds_AAC67280.1_1_cypB/cypX	CP035191.1	98.276	1218	1	1218	3452386	3451170	0.0	2132
AF017113.1_cds_AAC67280.1_1_cypB/cypX	CP123621.1	98.276	1218	1	1218	3572373	3571157	0.0	2132
AF017113.1_cds_AAC67280.1_1_cypB/cypX	CP021903.1	98.276	1218	1	1218	3442511	3441295	0.0	2132
AF017113.1_cds_AAC67280.1_1_cypB/cypX	CP104097.1	98.276	1218	1	1218	3648360	3647144	0.0	2132
AF017113.1_cds_AAC67280.1_1_cypB/cypX	CP032315.1	98.276	1218	1	1218	3497915	3496699	0.0	2132
AF017113.1_cds_AAC67280.1_1_cypB/cypX	CP035163.1	98.276	1218	1	1218	3493752	3492536	0.0	2132
AF017113.1_cds_AAC67280.1_1_cypB/cypX	CP120577.2	98.276	1218	1	1218	3489960	3488744	0.0	2132
AF017113.1_cds_AAC67280.1_1_cypB/cypX	OX419652.1	98.030	1218	1	1218	3619202	3617985	0.0	2117
