Site,Partition,&alpha;,&beta;,&beta;-&alpha;,Prob[&alpha;>&beta;],Prob[&alpha;<&beta;],BayesFactor[&alpha;<&beta;]
1,1,5.254,0.856,-4.398,0.588,0.362,0.808
2,1,3.03,0.863,-2.167,0.55,0.396,0.935
3,1,2.716,0.94,-1.776,0.538,0.407,0.978
4,1,3.031,0.86,-2.171,0.55,0.395,0.933
5,1,2.892,1.16,-1.732,0.534,0.412,1.001
6,1,28.686,0.864,-27.822,0.965,0.026,0.038
7,1,3.318,1.138,-2.18,0.544,0.403,0.961
8,1,3.317,0.961,-2.355,0.551,0.396,0.934
9,1,2.515,1.072,-1.443,0.529,0.416,1.017
10,1,3.271,1.012,-2.259,0.546,0.4,0.952
11,1,2.672,0.961,-1.711,0.536,0.409,0.986
12,1,2.768,1.028,-1.74,0.534,0.411,0.996
13,1,3.272,1.161,-2.111,0.539,0.407,0.979
14,1,3.271,1.037,-2.235,0.544,0.402,0.961
15,1,2.768,1.085,-1.683,0.532,0.413,1.005
16,1,3.271,1.012,-2.259,0.546,0.4,0.952
17,1,4.113,1.172,-2.941,0.555,0.392,0.922
18,1,2.716,0.94,-1.776,0.538,0.407,0.978
19,1,2.895,0.882,-2.013,0.544,0.401,0.957
20,1,2.896,0.981,-1.915,0.539,0.407,0.977
21,1,2.895,0.899,-1.996,0.544,0.401,0.957
22,1,3.887,1.057,-2.83,0.556,0.392,0.919
23,1,2.319,1.01,-1.309,0.527,0.418,1.023
24,1,2.896,0.981,-1.915,0.539,0.407,0.977
25,1,2.895,0.94,-1.955,0.541,0.405,0.97
26,1,22.703,1.01,-21.693,0.929,0.054,0.082
27,1,2.896,0.981,-1.915,0.539,0.407,0.977
28,1,2.286,1.079,-1.207,0.524,0.421,1.036
29,1,2.318,0.791,-1.528,0.538,0.406,0.974
30,1,1.939,0.856,-1.083,0.525,0.418,1.025
31,1,2.895,0.899,-1.996,0.544,0.401,0.957
32,1,3.031,1.009,-2.022,0.543,0.403,0.962
33,1,2.896,0.936,-1.959,0.541,0.404,0.968
34,1,2.398,0.933,-1.465,0.531,0.414,1.006
35,1,2.895,0.899,-1.996,0.544,0.401,0.957
36,1,2.716,0.94,-1.776,0.538,0.407,0.978
37,1,2.16,0.952,-1.208,0.526,0.418,1.026
38,1,2.158,0.857,-1.301,0.531,0.413,1.005
39,1,2.286,0.863,-1.423,0.535,0.41,0.989
40,1,2.319,1.01,-1.309,0.527,0.418,1.023
41,1,3.031,0.855,-2.176,0.55,0.395,0.933
42,1,1.939,0.863,-1.076,0.525,0.419,1.027
43,1,3.866,0.954,-2.911,0.561,0.387,0.899
44,1,1.932,0.952,-0.979,0.521,0.423,1.045
45,1,3.031,1.009,-2.022,0.543,0.403,0.962
46,1,2.398,0.893,-1.504,0.534,0.41,0.992
47,1,24.841,1.031,-23.81,0.94,0.046,0.068
48,1,3.866,0.954,-2.911,0.561,0.387,0.899
49,1,2.891,1.023,-1.869,0.539,0.407,0.978
50,1,2.896,0.981,-1.915,0.539,0.407,0.977
51,1,3.03,0.79,-2.24,0.554,0.391,0.917
52,1,2.318,0.863,-1.455,0.534,0.41,0.993
53,1,2.319,1.01,-1.309,0.527,0.418,1.023
54,1,2.318,0.791,-1.528,0.538,0.406,0.974
55,1,2.286,0.854,-1.432,0.535,0.409,0.988
56,1,3.887,1.057,-2.83,0.556,0.392,0.919
57,1,2.891,1.045,-1.847,0.538,0.408,0.982
58,1,3.031,0.855,-2.176,0.55,0.395,0.933
59,1,2.895,0.94,-1.955,0.541,0.405,0.97
60,1,5.022,6.969,1.948,0.295,0.655,2.711
61,1,20.72,0.959,-19.761,0.921,0.061,0.093
62,1,2.895,0.899,-1.996,0.544,0.401,0.957
63,1,2.286,0.854,-1.432,0.535,0.409,0.988
64,1,3.887,1.057,-2.83,0.556,0.392,0.919
65,1,2.286,0.863,-1.423,0.535,0.41,0.989
66,1,3.866,0.954,-2.911,0.561,0.387,0.899
67,1,3.048,10.845,7.797,0.202,0.754,4.362
68,1,3.031,1.032,-1.999,0.541,0.405,0.971
69,1,2.398,0.893,-1.504,0.534,0.41,0.992
70,1,2.895,0.899,-1.996,0.544,0.401,0.957
71,1,2.398,0.933,-1.465,0.531,0.414,1.006
72,1,1.939,0.863,-1.076,0.525,0.419,1.027
73,1,2.286,0.792,-1.493,0.539,0.405,0.97
74,1,2.891,1.045,-1.847,0.538,0.408,0.982
75,1,5.258,1.075,-4.183,0.578,0.372,0.846
76,1,1.939,0.856,-1.083,0.525,0.418,1.025
77,1,3.866,0.954,-2.911,0.561,0.387,0.899
78,1,1.939,0.863,-1.076,0.525,0.419,1.027
79,1,1.939,1.031,-0.908,0.516,0.428,1.067
80,1,1.939,1.031,-0.908,0.516,0.428,1.067
81,1,25.762,1.223,-24.539,0.936,0.051,0.077
82,1,2.16,0.952,-1.208,0.526,0.418,1.026
83,1,2.158,0.857,-1.301,0.531,0.413,1.005
84,1,3.866,0.954,-2.911,0.561,0.387,0.899
85,1,5.258,1.075,-4.183,0.578,0.372,0.846
86,1,2.319,1.031,-1.287,0.525,0.42,1.032
87,1,5.254,0.856,-4.398,0.588,0.362,0.808
88,1,2.398,0.893,-1.504,0.534,0.41,0.992
89,1,2.895,0.899,-1.996,0.544,0.401,0.957
90,1,3.03,0.863,-2.167,0.55,0.396,0.935
91,1,3.031,0.86,-2.171,0.55,0.395,0.933
92,1,20.787,0.916,-19.871,0.923,0.06,0.09
93,1,3.866,0.954,-2.911,0.561,0.387,0.899
94,1,5.254,0.856,-4.398,0.588,0.362,0.808
95,1,2.895,0.94,-1.955,0.541,0.405,0.97
96,1,3.886,1.034,-2.852,0.557,0.391,0.916
97,1,3.031,1.009,-2.022,0.543,0.403,0.962
98,1,2.286,1.008,-1.278,0.528,0.417,1.019
99,1,2.896,1.042,-1.854,0.537,0.409,0.987
100,1,2.895,0.899,-1.996,0.544,0.401,0.957
101,1,5.254,0.856,-4.398,0.588,0.362,0.808
102,1,3.03,0.79,-2.24,0.554,0.391,0.917
103,1,3.031,1.009,-2.022,0.543,0.403,0.962
104,1,2.398,0.893,-1.504,0.534,0.41,0.992
105,1,3.866,0.954,-2.911,0.561,0.387,0.899
106,1,2.319,0.856,-1.462,0.534,0.41,0.992
107,1,3.886,1.034,-2.852,0.557,0.391,0.916
108,1,3.031,0.86,-2.171,0.55,0.395,0.933
109,1,1.932,0.952,-0.979,0.521,0.423,1.045
110,1,23.262,1.05,-22.212,0.933,0.051,0.077
111,1,5.258,1.075,-4.183,0.578,0.372,0.846
112,1,2.891,1.023,-1.869,0.539,0.407,0.978
113,1,2.319,0.856,-1.462,0.534,0.41,0.992
114,1,2.891,1.045,-1.847,0.538,0.408,0.982
115,1,2.895,0.899,-1.996,0.544,0.401,0.957
116,1,3.887,1.174,-2.714,0.551,0.396,0.937
117,1,1.939,1.031,-0.908,0.516,0.428,1.067
118,1,1.939,1.01,-0.929,0.518,0.426,1.058
119,1,1.939,0.863,-1.076,0.525,0.419,1.027
120,1,2.895,0.899,-1.996,0.544,0.401,0.957
121,1,5.254,0.856,-4.398,0.588,0.362,0.808
122,1,2.286,1.008,-1.278,0.528,0.417,1.019
123,1,2.286,0.863,-1.423,0.535,0.41,0.989
124,1,2.319,0.839,-1.48,0.535,0.409,0.987
125,1,2.716,0.94,-1.776,0.538,0.407,0.978
126,1,2.16,0.952,-1.208,0.526,0.418,1.026
127,1,2.286,1.079,-1.207,0.524,0.421,1.036
128,1,2.716,0.94,-1.776,0.538,0.407,0.978
129,1,2.896,0.936,-1.959,0.541,0.404,0.968
130,1,2.319,1.031,-1.287,0.525,0.42,1.032
131,1,20.72,0.959,-19.761,0.921,0.061,0.093
132,1,19.264,0.866,-18.398,0.917,0.065,0.098
133,1,3.031,1.009,-2.022,0.543,0.403,0.962
134,1,2.398,0.893,-1.504,0.534,0.41,0.992
135,1,1.939,0.791,-1.148,0.529,0.414,1.007
136,1,20.788,0.898,-19.891,0.924,0.059,0.09
137,1,3.866,0.954,-2.911,0.561,0.387,0.899
138,1,3.849,0.846,-3.003,0.567,0.381,0.877
139,1,3.886,1.034,-2.852,0.557,0.391,0.916
140,1,5.254,0.856,-4.398,0.588,0.362,0.808
141,1,2.286,0.792,-1.493,0.539,0.405,0.97
142,1,2.716,0.94,-1.776,0.538,0.407,0.978
143,1,2.733,1.017,-1.716,0.536,0.409,0.989
144,1,3.93,10.607,6.677,0.226,0.727,3.806
145,1,3.887,1.057,-2.83,0.556,0.392,0.919
146,1,24.848,1.049,-23.799,0.939,0.046,0.07
147,1,37.398,1.096,-36.302,0.993,0.003,0.004
148,1,3.886,1.034,-2.852,0.557,0.391,0.916
149,1,2.88,6.946,4.066,0.244,0.708,3.465
150,1,2.398,0.972,-1.426,0.529,0.415,1.014
151,1,2.319,0.839,-1.48,0.535,0.409,0.987
152,1,2.892,1.16,-1.732,0.534,0.412,1.001
153,1,2.318,0.863,-1.455,0.534,0.41,0.993
154,1,3.886,1.034,-2.852,0.557,0.391,0.916
155,1,2.895,0.94,-1.955,0.541,0.405,0.97
156,1,2.892,1.16,-1.732,0.534,0.412,1.001
157,1,5.254,0.791,-4.463,0.592,0.358,0.795
158,1,3.887,1.057,-2.83,0.556,0.392,0.919
159,1,2.714,0.849,-1.865,0.543,0.402,0.959
160,1,20.72,0.959,-19.761,0.921,0.061,0.093
161,1,2.891,1.023,-1.869,0.539,0.407,0.978
162,1,2.891,1.045,-1.847,0.538,0.408,0.982
163,1,2.895,0.94,-1.955,0.541,0.405,0.97
164,1,2.398,0.981,-1.417,0.529,0.416,1.016
165,1,2.716,0.94,-1.776,0.538,0.407,0.978
166,1,2.895,0.94,-1.955,0.541,0.405,0.97
167,1,2.895,0.882,-2.013,0.544,0.401,0.957
168,1,2.896,0.981,-1.915,0.539,0.407,0.977
169,1,2.895,0.94,-1.955,0.541,0.405,0.97
170,1,3.886,1.034,-2.852,0.557,0.391,0.916
171,1,2.891,1.023,-1.869,0.539,0.407,0.978
172,1,1.939,0.839,-1.101,0.526,0.417,1.02
173,1,1.939,0.863,-1.076,0.525,0.419,1.027
174,1,2.896,0.99,-1.906,0.539,0.407,0.979
175,1,2.721,0.942,-1.778,0.539,0.406,0.975
176,1,2.891,1.045,-1.847,0.538,0.408,0.982
177,1,2.892,1.16,-1.732,0.534,0.412,1.001
178,1,3.886,1.034,-2.852,0.557,0.391,0.916
179,1,2.895,0.899,-1.996,0.544,0.401,0.957
180,1,3.886,1.034,-2.852,0.557,0.391,0.916
181,1,2.286,0.863,-1.423,0.535,0.41,0.989
182,1,2.896,1.042,-1.854,0.537,0.409,0.987
183,1,3.887,1.057,-2.83,0.556,0.392,0.919
184,1,23.726,1.114,-22.612,0.933,0.051,0.077
185,1,4.225,9.436,5.21,0.243,0.708,3.466
186,1,2.286,0.863,-1.423,0.535,0.41,0.989
187,1,2.158,0.857,-1.301,0.531,0.413,1.005
188,1,22.726,1.051,-21.675,0.928,0.055,0.082
189,1,2.896,0.981,-1.915,0.539,0.407,0.977
190,1,2.398,0.972,-1.426,0.529,0.415,1.014
191,1,2.892,1.16,-1.732,0.534,0.412,1.001
192,1,21.609,0.959,-20.65,0.926,0.057,0.086
193,1,25.854,1.058,-24.796,0.944,0.042,0.063
194,1,2.158,0.857,-1.301,0.531,0.413,1.005
195,1,3.031,0.86,-2.171,0.55,0.395,0.933
196,1,17.581,1.056,-16.525,0.902,0.077,0.119
197,1,24.841,1.031,-23.81,0.94,0.046,0.068
198,1,2.286,0.879,-1.407,0.534,0.41,0.992
199,1,2.158,0.857,-1.301,0.531,0.413,1.005
200,1,3.866,0.954,-2.911,0.561,0.387,0.899
201,1,2.716,0.94,-1.776,0.538,0.407,0.978
202,1,1.939,0.863,-1.076,0.525,0.419,1.027
203,1,24.795,1.128,-23.667,0.945,0.042,0.062
204,1,3.031,1.009,-2.022,0.543,0.403,0.962
205,1,19.266,1.036,-18.23,0.911,0.069,0.105
206,1,3.887,1.174,-2.714,0.551,0.396,0.937
207,1,23.606,0.869,-22.737,0.937,0.049,0.073
208,1,2.895,0.899,-1.996,0.544,0.401,0.957
209,1,5.254,0.856,-4.398,0.588,0.362,0.808
210,1,2.16,0.952,-1.208,0.526,0.418,1.026
211,1,1.939,1.031,-0.908,0.516,0.428,1.067
212,1,20.223,0.867,-19.356,0.924,0.059,0.089
213,1,2.286,0.863,-1.423,0.535,0.41,0.989
214,1,3.887,1.174,-2.714,0.551,0.396,0.937
215,1,1.939,1.01,-0.929,0.518,0.426,1.058
216,1,2.895,0.899,-1.996,0.544,0.401,0.957
217,1,2.318,0.909,-1.409,0.531,0.414,1.007
218,1,2.411,8.57,6.159,0.209,0.746,4.195
219,1,3.639,0.96,-2.679,0.555,0.392,0.918
220,1,2.895,0.94,-1.955,0.541,0.405,0.97
221,1,3.866,0.954,-2.911,0.561,0.387,0.899
222,1,2.318,0.791,-1.528,0.538,0.406,0.974
223,1,2.398,0.876,-1.522,0.534,0.41,0.992
224,1,2.716,0.94,-1.776,0.538,0.407,0.978
225,1,2.896,0.981,-1.915,0.539,0.407,0.977
226,1,2.319,0.856,-1.462,0.534,0.41,0.992
227,1,35.172,1.087,-34.085,0.991,0.003,0.005
228,1,2.721,0.895,-1.826,0.54,0.405,0.972
229,1,2.236,0.85,-1.387,0.533,0.411,0.996
230,1,2.72,0.855,-1.865,0.543,0.402,0.959
231,1,2.894,0.956,-1.938,0.543,0.403,0.963
232,1,2.161,0.985,-1.176,0.523,0.421,1.036
233,1,1.801,0.985,-0.816,0.514,0.429,1.072
234,1,5.254,0.817,-4.437,0.59,0.36,0.801
235,1,25.063,0.854,-24.209,0.947,0.041,0.061
236,1,2.545,0.811,-1.734,0.542,0.403,0.961
237,1,2.894,0.956,-1.938,0.543,0.403,0.963
238,1,5.254,0.817,-4.437,0.59,0.36,0.801
239,1,3.756,0.905,-2.851,0.561,0.386,0.897
240,1,1.801,0.825,-0.976,0.523,0.419,1.031
241,1,2.237,0.992,-1.245,0.525,0.419,1.03
242,1,2.721,0.937,-1.784,0.538,0.407,0.981
243,1,2.161,0.985,-1.176,0.523,0.421,1.036
244,1,5.254,0.817,-4.437,0.59,0.36,0.801
245,1,2.156,0.825,-1.331,0.534,0.41,0.991
246,1,2.894,0.821,-2.073,0.55,0.396,0.934
247,1,1.801,0.819,-0.982,0.524,0.419,1.029
248,1,2.72,0.855,-1.865,0.543,0.402,0.959
249,1,2.893,0.759,-2.134,0.554,0.391,0.917
250,1,2.161,0.825,-1.336,0.533,0.411,0.996
251,1,3.756,0.905,-2.851,0.561,0.386,0.897
252,1,2.236,0.85,-1.387,0.533,0.411,0.996
253,1,1.801,0.802,-0.999,0.525,0.418,1.024
254,1,1.801,0.957,-0.845,0.517,0.427,1.062
255,1,21.411,0.998,-20.413,0.923,0.06,0.09
256,1,2.546,0.893,-1.653,0.537,0.408,0.981
257,1,21.47,0.97,-20.5,0.925,0.058,0.088
258,1,2.156,0.76,-1.395,0.539,0.405,0.972
259,1,2.757,1.108,-1.649,0.533,0.413,1.003
260,1,2.161,0.957,-1.205,0.526,0.418,1.026
261,1,3.774,1.008,-2.766,0.556,0.392,0.918
262,1,3.756,0.905,-2.851,0.561,0.386,0.897
263,1,2.757,1.108,-1.649,0.533,0.413,1.003
264,1,3.756,0.905,-2.851,0.561,0.386,0.897
265,1,5.254,0.817,-4.437,0.59,0.36,0.801
266,1,1.801,0.76,-1.042,0.528,0.415,1.01
267,1,2.156,0.825,-1.331,0.534,0.41,0.991
268,1,2.009,0.904,-1.105,0.524,0.419,1.03
269,1,2.161,0.985,-1.176,0.523,0.421,1.036
270,1,2.894,0.825,-2.069,0.55,0.396,0.935
271,1,2.894,0.956,-1.938,0.543,0.403,0.963
272,1,1.801,0.825,-0.976,0.523,0.419,1.031
273,1,2.894,0.825,-2.069,0.55,0.396,0.935
274,1,2.545,0.811,-1.734,0.542,0.403,0.961
275,1,2.161,0.985,-1.176,0.523,0.421,1.036
276,1,2.757,0.997,-1.76,0.537,0.408,0.983
277,1,3.756,0.905,-2.851,0.561,0.386,0.897
278,1,2.546,0.893,-1.653,0.537,0.408,0.981
279,1,2.894,0.825,-2.069,0.55,0.396,0.935
280,1,2.156,0.76,-1.395,0.539,0.405,0.972
281,1,2.009,0.904,-1.105,0.524,0.419,1.03
282,1,2.894,0.956,-1.938,0.543,0.403,0.963
283,1,2.007,0.819,-1.189,0.529,0.414,1.008
284,1,25.001,0.852,-24.149,0.947,0.041,0.061
285,1,2.721,0.937,-1.784,0.538,0.407,0.981
286,1,17.357,1.105,-16.252,0.897,0.08,0.124
287,1,2.237,0.992,-1.245,0.525,0.419,1.03
288,1,3.775,1.121,-2.654,0.551,0.396,0.937
289,1,2.894,0.818,-2.076,0.55,0.396,0.934
290,1,2.757,0.997,-1.76,0.537,0.408,0.983
291,1,30.694,0.99,-29.704,0.989,0.006,0.008
292,1,2.161,0.985,-1.176,0.523,0.421,1.036
293,1,2.007,0.819,-1.189,0.529,0.414,1.008
294,1,2.894,0.821,-2.073,0.55,0.396,0.934
295,1,2.009,0.904,-1.105,0.524,0.419,1.03
296,1,1.801,0.825,-0.976,0.523,0.419,1.031
297,1,15.927,0.957,-14.97,0.895,0.082,0.128
298,1,15.928,0.985,-14.943,0.893,0.083,0.13
299,1,3.756,0.905,-2.851,0.561,0.386,0.897
300,1,2.161,0.985,-1.176,0.523,0.421,1.036
301,1,5.254,0.817,-4.437,0.59,0.36,0.801
302,1,2.009,0.904,-1.105,0.524,0.419,1.03
303,1,3.756,0.905,-2.851,0.561,0.386,0.897
304,1,2.161,0.819,-1.342,0.533,0.411,0.995
305,1,2.894,0.825,-2.069,0.55,0.396,0.935
306,1,3.756,0.905,-2.851,0.561,0.386,0.897
307,1,2.894,0.818,-2.076,0.55,0.396,0.934
308,1,33.511,0.879,-32.632,0.993,0.004,0.005
309,1,5.254,0.817,-4.437,0.59,0.36,0.801
310,1,2.893,0.759,-2.134,0.554,0.391,0.917
311,1,2.156,0.956,-1.2,0.527,0.417,1.021
312,1,2.236,0.85,-1.387,0.533,0.411,0.996
313,1,3.756,0.905,-2.851,0.561,0.386,0.897
314,1,2.545,0.811,-1.734,0.542,0.403,0.961
315,1,3.774,1.008,-2.766,0.556,0.392,0.918
316,1,2.237,0.937,-1.299,0.527,0.417,1.02
317,1,3.774,1.008,-2.766,0.556,0.392,0.918
318,1,2.757,0.997,-1.76,0.537,0.408,0.983
319,1,2.72,0.845,-1.876,0.543,0.402,0.96
