"Site","Partition","&alpha;","&beta;","&beta;-&alpha;","Prob[&alpha;>&beta;]","Prob[&alpha;<&beta;]","BayesFactor[&alpha;<&beta;]"
1,1,"1.560","0.824","-0.737","0.514","0.426","0.945"
2,1,"1.531","0.717","-0.813","0.522","0.418","0.914"
3,1,"2.230","0.654","-1.576","0.546","0.396","0.833"
4,1,"1.290","0.733","-0.557","0.512","0.427","0.949"
5,1,"2.130","0.706","-1.424","0.538","0.404","0.861"
6,1,"1.302","0.914","-0.388","0.500","0.440","1.000"
7,1,"1.975","0.696","-1.278","0.536","0.406","0.869"
8,1,"1.289","0.715","-0.574","0.514","0.426","0.942"
9,1,"1.296","0.812","-0.484","0.506","0.434","0.973"
10,1,"14.906","1.061","-13.845","0.878","0.094","0.132"
11,1,"1.341","0.750","-0.590","0.513","0.427","0.948"
12,1,"1.660","0.877","-0.784","0.514","0.427","0.948"
13,1,"2.015","0.805","-1.210","0.527","0.414","0.900"
14,1,"1.872","4.046","2.174","0.254","0.692","2.854"
15,1,"1.540","0.816","-0.724","0.515","0.426","0.944"
16,1,"2.000","0.706","-1.295","0.535","0.406","0.870"
17,1,"2.002","0.716","-1.286","0.535","0.407","0.873"
18,1,"2.238","0.693","-1.546","0.542","0.400","0.848"
19,1,"1.289","0.715","-0.574","0.514","0.426","0.942"
20,1,"3.994","28.196","24.201","0.041","0.917","14.064"
21,1,"2.259","0.811","-1.448","0.532","0.410","0.883"
22,1,"1.289","0.715","-0.574","0.514","0.426","0.942"
23,1,"1.536","0.769","-0.767","0.518","0.423","0.932"
24,1,"1.660","0.877","-0.784","0.514","0.427","0.948"
25,1,"1.988","0.640","-1.348","0.543","0.399","0.843"
26,1,"1.968","0.658","-1.310","0.540","0.402","0.854"
27,1,"1.991","0.653","-1.338","0.541","0.400","0.849"
28,1,"1.826","0.807","-1.019","0.523","0.418","0.914"
29,1,"2.260","0.809","-1.451","0.532","0.410","0.883"
30,1,"1.302","0.914","-0.388","0.500","0.440","1.000"
31,1,"14.611","0.785","-13.826","0.888","0.087","0.121"
32,1,"1.826","0.807","-1.019","0.523","0.418","0.914"
33,1,"1.527","0.735","-0.792","0.520","0.420","0.921"
34,1,"1.183","0.665","-0.518","0.515","0.424","0.936"
35,1,"1.341","0.750","-0.590","0.513","0.427","0.948"
36,1,"1.826","0.807","-1.019","0.523","0.418","0.914"
37,1,"2.130","0.706","-1.424","0.538","0.404","0.861"
38,1,"2.128","0.694","-1.434","0.539","0.402","0.857"
39,1,"1.302","0.914","-0.388","0.500","0.440","1.000"
40,1,"2.002","0.716","-1.286","0.535","0.407","0.873"
41,1,"2.230","0.654","-1.576","0.546","0.396","0.833"
42,1,"1.540","0.816","-0.724","0.515","0.426","0.944"
43,1,"1.056","0.760","-0.295","0.500","0.439","0.997"
44,1,"1.290","0.733","-0.557","0.512","0.427","0.949"
45,1,"1.531","0.717","-0.813","0.522","0.418","0.914"
46,1,"3.377","0.684","-2.693","0.565","0.379","0.777"
47,1,"1.192","0.808","-0.384","0.503","0.437","0.987"
48,1,"1.991","0.653","-1.338","0.541","0.400","0.849"
49,1,"1.003","0.788","-0.216","0.495","0.444","1.015"
50,1,"1.302","0.914","-0.388","0.500","0.440","1.000"
51,1,"1.057","0.806","-0.251","0.496","0.443","1.010"
52,1,"12.132","1.139","-10.993","0.851","0.115","0.165"
53,1,"1.540","0.816","-0.724","0.515","0.426","0.944"
54,1,"2.259","0.811","-1.448","0.532","0.410","0.883"
55,1,"3.377","0.684","-2.693","0.565","0.379","0.777"
56,1,"1.826","0.807","-1.019","0.523","0.418","0.914"
57,1,"1.192","0.808","-0.384","0.503","0.437","0.987"
58,1,"1.290","0.733","-0.557","0.512","0.427","0.949"
59,1,"1.289","0.715","-0.574","0.514","0.426","0.942"
60,1,"1.694","0.771","-0.923","0.522","0.419","0.916"
61,1,"3.377","0.684","-2.693","0.565","0.379","0.777"
62,1,"2.122","0.666","-1.457","0.542","0.400","0.846"
63,1,"1.826","0.807","-1.019","0.523","0.418","0.914"
64,1,"1.694","0.771","-0.923","0.522","0.419","0.916"
65,1,"1.660","0.877","-0.784","0.514","0.427","0.948"
66,1,"1.291","0.742","-0.549","0.511","0.429","0.954"
67,1,"1.186","0.713","-0.473","0.510","0.429","0.956"
68,1,"1.341","0.750","-0.590","0.513","0.427","0.948"
69,1,"1.826","0.807","-1.019","0.523","0.418","0.914"
70,1,"2.239","0.696","-1.543","0.542","0.400","0.850"
71,1,"2.259","0.811","-1.448","0.532","0.410","0.883"
72,1,"2.130","0.706","-1.424","0.538","0.404","0.861"
73,1,"1.053","0.710","-0.343","0.504","0.435","0.979"
74,1,"1.531","0.717","-0.813","0.522","0.418","0.914"
75,1,"0.925","0.727","-0.198","0.495","0.443","1.012"
76,1,"1.341","0.750","-0.590","0.513","0.427","0.948"
77,1,"1.057","0.806","-0.251","0.496","0.443","1.010"
78,1,"1.560","0.824","-0.737","0.514","0.426","0.945"
79,1,"1.826","0.807","-1.019","0.523","0.418","0.914"
80,1,"1.054","0.729","-0.325","0.503","0.436","0.985"
81,1,"1.531","0.716","-0.814","0.522","0.418","0.915"
82,1,"1.826","0.807","-1.019","0.523","0.418","0.914"
83,1,"7.602","0.913","-6.689","0.817","0.144","0.214"
84,1,"1.289","0.715","-0.574","0.514","0.426","0.942"
85,1,"1.187","0.731","-0.457","0.509","0.431","0.963"
86,1,"1.289","0.715","-0.574","0.514","0.426","0.942"
87,1,"1.289","0.715","-0.574","0.514","0.426","0.942"
88,1,"9.958","4.450","-5.508","0.604","0.299","0.542"
89,1,"1.988","0.640","-1.348","0.543","0.399","0.843"
90,1,"1.341","0.750","-0.590","0.513","0.427","0.948"
91,1,"1.204","3.550","2.346","0.236","0.712","3.139"
92,1,"21.493","0.934","-20.559","0.922","0.060","0.081"
93,1,"1.186","0.713","-0.473","0.510","0.429","0.956"
94,1,"1.192","0.808","-0.384","0.503","0.437","0.987"
95,1,"1.533","0.737","-0.796","0.520","0.420","0.921"
96,1,"1.533","0.737","-0.796","0.520","0.420","0.921"
97,1,"1.989","0.642","-1.347","0.543","0.399","0.844"
98,1,"2.259","0.811","-1.448","0.532","0.410","0.883"
99,1,"30.420","1.011","-29.409","0.989","0.005","0.006"
100,1,"1.560","0.824","-0.737","0.514","0.426","0.945"
101,1,"2.259","0.811","-1.448","0.532","0.410","0.883"
102,1,"1.003","0.788","-0.216","0.495","0.444","1.015"
103,1,"1.694","0.771","-0.923","0.522","0.419","0.916"
104,1,"2.002","0.716","-1.286","0.535","0.407","0.873"
105,1,"1.579","0.719","-0.860","0.523","0.418","0.912"
106,1,"3.377","0.684","-2.693","0.565","0.379","0.777"
107,1,"1.694","0.771","-0.923","0.522","0.419","0.916"
108,1,"1.968","0.658","-1.310","0.540","0.402","0.854"
109,1,"1.289","0.715","-0.574","0.514","0.426","0.942"
110,1,"1.053","0.711","-0.342","0.504","0.435","0.978"
111,1,"1.531","0.716","-0.814","0.522","0.418","0.915"
112,1,"1.056","0.760","-0.295","0.500","0.439","0.997"
113,1,"1.289","0.715","-0.574","0.514","0.426","0.942"
114,1,"1.289","0.715","-0.574","0.514","0.426","0.942"
115,1,"1.003","0.788","-0.216","0.495","0.444","1.015"
116,1,"1.525","0.668","-0.857","0.527","0.413","0.895"
117,1,"1.527","0.735","-0.792","0.520","0.420","0.921"
118,1,"1.826","0.807","-1.019","0.523","0.418","0.914"
119,1,"1.531","0.717","-0.813","0.522","0.418","0.914"
120,1,"1.053","0.711","-0.342","0.504","0.435","0.978"
121,1,"1.290","0.733","-0.557","0.512","0.427","0.949"
122,1,"1.187","0.731","-0.457","0.509","0.431","0.963"
123,1,"1.341","0.750","-0.590","0.513","0.427","0.948"
124,1,"1.291","0.742","-0.549","0.511","0.429","0.954"
125,1,"19.417","0.787","-18.630","0.916","0.065","0.088"
126,1,"1.003","0.788","-0.216","0.495","0.444","1.015"
127,1,"2.259","0.811","-1.448","0.532","0.410","0.883"
128,1,"1.290","0.733","-0.557","0.512","0.427","0.949"
129,1,"25.509","0.961","-24.548","0.982","0.009","0.012"
130,1,"2.774","3.535","0.761","0.290","0.654","2.401"
131,1,"2.128","0.694","-1.434","0.539","0.402","0.857"
132,1,"1.041","0.663","-0.379","0.509","0.430","0.959"
133,1,"1.186","0.712","-0.475","0.510","0.429","0.957"
134,1,"2.238","0.693","-1.546","0.542","0.400","0.848"
135,1,"1.289","0.715","-0.574","0.514","0.426","0.942"
136,1,"3.377","0.684","-2.693","0.565","0.379","0.777"
137,1,"1.291","0.742","-0.549","0.511","0.429","0.954"
138,1,"1.187","0.731","-0.457","0.509","0.431","0.963"
139,1,"2.260","0.809","-1.451","0.532","0.410","0.883"
140,1,"2.122","0.666","-1.457","0.542","0.400","0.846"
141,1,"3.377","0.684","-2.693","0.565","0.379","0.777"
142,1,"1.048","0.728","-0.320","0.502","0.437","0.985"
143,1,"1.003","0.788","-0.216","0.495","0.444","1.015"
144,1,"1.536","0.769","-0.767","0.518","0.423","0.932"
145,1,"1.057","0.806","-0.251","0.496","0.443","1.010"
146,1,"1.289","0.715","-0.574","0.514","0.426","0.942"
147,1,"1.183","0.665","-0.518","0.515","0.424","0.936"
148,1,"1.531","0.717","-0.813","0.522","0.418","0.914"
149,1,"1.826","0.807","-1.019","0.523","0.418","0.914"
150,1,"26.252","0.956","-25.296","0.983","0.008","0.011"
151,1,"1.285","0.666","-0.618","0.519","0.421","0.923"
152,1,"1.540","0.816","-0.724","0.515","0.426","0.944"
153,1,"1.065","0.790","-0.275","0.498","0.441","1.003"
154,1,"1.291","0.742","-0.549","0.511","0.429","0.954"
155,1,"1.291","0.742","-0.549","0.511","0.429","0.954"
156,1,"2.002","0.716","-1.286","0.535","0.407","0.873"
157,1,"1.694","0.771","-0.923","0.522","0.419","0.916"
158,1,"1.053","0.710","-0.343","0.504","0.435","0.979"
159,1,"1.291","0.742","-0.549","0.511","0.429","0.954"
160,1,"1.289","0.715","-0.574","0.514","0.426","0.942"
161,1,"1.053","0.711","-0.342","0.504","0.435","0.978"
162,1,"1.291","0.742","-0.549","0.511","0.429","0.954"
163,1,"2.015","0.805","-1.210","0.527","0.414","0.900"
164,1,"20.634","0.850","-19.783","0.920","0.061","0.083"
165,1,"1.186","0.712","-0.475","0.510","0.429","0.957"
166,1,"1.826","0.807","-1.019","0.523","0.418","0.914"
167,1,"2.259","0.811","-1.448","0.532","0.410","0.883"
168,1,"3.393","0.727","-2.665","0.561","0.384","0.792"
169,1,"1.694","0.771","-0.923","0.522","0.419","0.916"
170,1,"1.527","0.735","-0.792","0.520","0.420","0.921"
171,1,"1.382","3.684","2.302","0.243","0.704","3.023"
172,1,"1.053","0.711","-0.342","0.504","0.435","0.978"
173,1,"1.341","0.750","-0.590","0.513","0.427","0.948"
174,1,"28.911","1.168","-27.743","0.984","0.007","0.009"
175,1,"1.341","0.750","-0.590","0.513","0.427","0.948"
176,1,"1.540","0.816","-0.724","0.515","0.426","0.944"
177,1,"1.560","0.824","-0.737","0.514","0.426","0.945"
178,1,"1.003","0.788","-0.216","0.495","0.444","1.015"
179,1,"1.192","0.808","-0.384","0.503","0.437","0.987"
180,1,"1.290","0.733","-0.557","0.512","0.427","0.949"
181,1,"1.991","0.653","-1.338","0.541","0.400","0.849"
182,1,"1.988","0.640","-1.348","0.543","0.399","0.843"
183,1,"1.341","0.750","-0.590","0.513","0.427","0.948"
184,1,"1.217","3.950","2.733","0.230","0.718","3.245"
185,1,"2.259","0.811","-1.448","0.532","0.410","0.883"
186,1,"1.525","0.668","-0.857","0.527","0.413","0.895"
187,1,"2.130","0.706","-1.424","0.538","0.404","0.861"
188,1,"2.239","0.696","-1.543","0.542","0.400","0.850"
189,1,"1.536","0.769","-0.767","0.518","0.423","0.932"
190,1,"1.285","0.666","-0.618","0.519","0.421","0.923"
191,1,"1.533","0.737","-0.796","0.520","0.420","0.921"
192,1,"2.128","0.694","-1.434","0.539","0.402","0.857"
193,1,"1.536","0.769","-0.767","0.518","0.423","0.932"
194,1,"3.377","0.684","-2.693","0.565","0.379","0.777"
195,1,"1.968","0.658","-1.310","0.540","0.402","0.854"
196,1,"2.122","0.666","-1.457","0.542","0.400","0.846"
197,1,"1.053","0.711","-0.342","0.504","0.435","0.978"
198,1,"2.130","0.706","-1.424","0.538","0.404","0.861"
199,1,"1.053","0.710","-0.343","0.504","0.435","0.979"
200,1,"2.242","0.712","-1.530","0.540","0.402","0.855"
201,1,"1.192","0.808","-0.384","0.503","0.437","0.987"
202,1,"2.002","0.716","-1.286","0.535","0.407","0.873"
203,1,"1.531","0.717","-0.813","0.522","0.418","0.914"
204,1,"2.230","0.654","-1.576","0.546","0.396","0.833"
205,1,"2.260","0.809","-1.451","0.532","0.410","0.883"
206,1,"2.130","0.706","-1.424","0.538","0.404","0.861"
207,1,"1.618","6.907","5.289","0.199","0.752","3.860"
208,1,"1.694","0.771","-0.923","0.522","0.419","0.916"
209,1,"2.259","0.811","-1.448","0.532","0.410","0.883"
210,1,"1.290","0.733","-0.557","0.512","0.427","0.949"
211,1,"2.242","0.712","-1.530","0.540","0.402","0.855"
212,1,"0.974","0.789","-0.185","0.493","0.446","1.024"
213,1,"1.290","0.733","-0.557","0.512","0.427","0.949"
214,1,"1.186","0.712","-0.475","0.510","0.429","0.957"
215,1,"1.991","0.653","-1.338","0.541","0.400","0.849"
216,1,"1.057","0.806","-0.251","0.496","0.443","1.010"
217,1,"1.826","0.807","-1.019","0.523","0.418","0.914"
218,1,"1.560","0.824","-0.737","0.514","0.426","0.945"
219,1,"1.533","0.737","-0.796","0.520","0.420","0.921"
220,1,"1.660","0.877","-0.784","0.514","0.427","0.948"
221,1,"2.238","0.693","-1.546","0.542","0.400","0.848"
222,1,"2.259","0.811","-1.448","0.532","0.410","0.883"
223,1,"1.540","0.816","-0.724","0.515","0.426","0.944"
224,1,"1.048","0.728","-0.320","0.502","0.437","0.985"
225,1,"2.259","0.811","-1.448","0.532","0.410","0.883"
226,1,"2.002","0.716","-1.286","0.535","0.407","0.873"
227,1,"1.826","0.807","-1.019","0.523","0.418","0.914"
228,1,"2.260","0.809","-1.451","0.532","0.410","0.883"
229,1,"2.259","0.811","-1.448","0.532","0.410","0.883"
230,1,"1.289","0.715","-0.574","0.514","0.426","0.942"
231,1,"1.296","0.812","-0.484","0.506","0.434","0.973"
232,1,"1.826","0.807","-1.019","0.523","0.418","0.914"
233,1,"1.057","0.806","-0.251","0.496","0.443","1.010"
234,1,"2.015","0.805","-1.210","0.527","0.414","0.900"
235,1,"1.048","0.728","-0.320","0.502","0.437","0.985"
236,1,"1.285","0.666","-0.618","0.519","0.421","0.923"
237,1,"1.694","0.771","-0.923","0.522","0.419","0.916"
238,1,"1.560","0.824","-0.737","0.514","0.426","0.945"
239,1,"1.003","0.788","-0.216","0.495","0.444","1.015"
240,1,"1.290","0.733","-0.557","0.512","0.427","0.949"
241,1,"1.972","0.684","-1.288","0.537","0.405","0.864"
242,1,"2.230","0.654","-1.576","0.546","0.396","0.833"
243,1,"2.015","0.805","-1.210","0.527","0.414","0.900"
244,1,"2.230","0.654","-1.576","0.546","0.396","0.833"
245,1,"1.694","0.771","-0.923","0.522","0.419","0.916"
246,1,"2.239","0.696","-1.543","0.542","0.400","0.850"
247,1,"1.192","0.808","-0.384","0.503","0.437","0.987"
248,1,"1.531","0.716","-0.814","0.522","0.418","0.915"
249,1,"1.694","0.771","-0.923","0.522","0.419","0.916"
250,1,"1.289","0.715","-0.574","0.514","0.426","0.942"
251,1,"1.291","0.742","-0.549","0.511","0.429","0.954"
252,1,"1.003","0.788","-0.216","0.495","0.444","1.015"
253,1,"1.660","0.877","-0.784","0.514","0.427","0.948"
254,1,"2.260","0.809","-1.451","0.532","0.410","0.883"
255,1,"1.560","0.824","-0.737","0.514","0.426","0.945"
256,1,"1.183","0.665","-0.518","0.515","0.424","0.936"
257,1,"1.003","0.788","-0.216","0.495","0.444","1.015"
258,1,"1.186","0.713","-0.473","0.510","0.429","0.956"
259,1,"1.003","0.788","-0.216","0.495","0.444","1.015"
260,1,"1.988","0.640","-1.348","0.543","0.399","0.843"
261,1,"1.187","0.731","-0.457","0.509","0.431","0.963"
262,1,"1.826","0.807","-1.019","0.523","0.418","0.914"
263,1,"1.289","0.715","-0.574","0.514","0.426","0.942"
264,1,"1.531","0.716","-0.814","0.522","0.418","0.915"
265,1,"1.187","0.731","-0.457","0.509","0.431","0.963"
266,1,"2.259","0.811","-1.448","0.532","0.410","0.883"
267,1,"1.003","0.788","-0.216","0.495","0.444","1.015"
268,1,"2.259","0.811","-1.448","0.532","0.410","0.883"
269,1,"2.130","0.706","-1.424","0.538","0.404","0.861"
270,1,"1.579","0.719","-0.860","0.523","0.418","0.912"
271,1,"1.694","0.771","-0.923","0.522","0.419","0.916"
272,1,"1.968","0.658","-1.310","0.540","0.402","0.854"
273,1,"1.289","0.715","-0.574","0.514","0.426","0.942"
274,1,"2.130","0.706","-1.424","0.538","0.404","0.861"
275,1,"1.341","0.750","-0.590","0.513","0.427","0.948"
276,1,"1.186","0.712","-0.475","0.510","0.429","0.957"
277,1,"7.694","0.914","-6.779","0.818","0.143","0.213"
278,1,"1.983","0.613","-1.370","0.547","0.395","0.829"
279,1,"1.054","0.729","-0.325","0.503","0.436","0.985"
280,1,"1.560","0.824","-0.737","0.514","0.426","0.945"
281,1,"2.259","0.811","-1.448","0.532","0.410","0.883"
282,1,"1.341","0.750","-0.590","0.513","0.427","0.948"
283,1,"1.291","0.742","-0.549","0.511","0.429","0.954"
284,1,"1.988","0.640","-1.348","0.543","0.399","0.843"
285,1,"2.242","0.712","-1.530","0.540","0.402","0.855"
286,1,"1.192","0.808","-0.384","0.503","0.437","0.987"
287,1,"2.334","5.336","3.002","0.245","0.701","2.978"
288,1,"1.053","0.711","-0.342","0.504","0.435","0.978"
289,1,"1.053","0.711","-0.342","0.504","0.435","0.978"
290,1,"2.000","0.706","-1.295","0.535","0.406","0.870"
291,1,"1.988","0.640","-1.348","0.543","0.399","0.843"
292,1,"1.341","0.750","-0.590","0.513","0.427","0.948"
293,1,"1.826","0.807","-1.019","0.523","0.418","0.914"
294,1,"1.660","0.877","-0.784","0.514","0.427","0.948"
295,1,"2.259","0.811","-1.448","0.532","0.410","0.883"
296,1,"1.531","0.717","-0.813","0.522","0.418","0.914"
297,1,"1.540","0.816","-0.724","0.515","0.426","0.944"
298,1,"1.290","0.733","-0.557","0.512","0.427","0.949"
299,1,"2.230","0.654","-1.576","0.546","0.396","0.833"
300,1,"1.056","0.760","-0.295","0.500","0.439","0.997"
301,1,"1.540","0.816","-0.724","0.515","0.426","0.944"
302,1,"1.536","0.769","-0.767","0.518","0.423","0.932"
303,1,"1.048","0.728","-0.320","0.502","0.437","0.985"
304,1,"1.936","5.444","3.508","0.232","0.716","3.202"
305,1,"1.048","0.728","-0.320","0.502","0.437","0.985"
306,1,"2.845","3.781","0.936","0.285","0.659","2.462"
307,1,"14.895","0.864","-14.030","0.886","0.088","0.123"
308,1,"1.003","0.788","-0.216","0.495","0.444","1.015"
309,1,"1.187","0.731","-0.457","0.509","0.431","0.963"
310,1,"1.003","0.788","-0.216","0.495","0.444","1.015"
311,1,"1.289","0.715","-0.574","0.514","0.426","0.942"
312,1,"1.003","0.788","-0.216","0.495","0.444","1.015"
313,1,"2.259","0.811","-1.448","0.532","0.410","0.883"
314,1,"1.053","0.710","-0.343","0.504","0.435","0.979"
315,1,"1.341","0.750","-0.590","0.513","0.427","0.948"
316,1,"1.479","5.615","4.136","0.212","0.738","3.584"
317,1,"3.377","0.684","-2.693","0.565","0.379","0.777"
318,1,"1.387","3.570","2.184","0.244","0.703","3.006"
319,1,"1.540","0.816","-0.724","0.515","0.426","0.944"
320,1,"1.826","0.807","-1.019","0.523","0.418","0.914"
321,1,"1.525","0.668","-0.857","0.527","0.413","0.895"
322,1,"8.678","0.747","-7.931","0.840","0.127","0.185"
323,1,"1.560","0.824","-0.737","0.514","0.426","0.945"
324,1,"2.015","0.805","-1.210","0.527","0.414","0.900"
325,1,"1.536","0.769","-0.767","0.518","0.423","0.932"
326,1,"1.290","0.733","-0.557","0.512","0.427","0.949"
327,1,"3.377","0.684","-2.693","0.565","0.379","0.777"
328,1,"1.826","0.807","-1.019","0.523","0.418","0.914"
329,1,"1.533","0.737","-0.796","0.520","0.420","0.921"
330,1,"2.242","0.712","-1.530","0.540","0.402","0.855"
331,1,"2.128","0.694","-1.434","0.539","0.402","0.857"
332,1,"2.259","0.811","-1.448","0.532","0.410","0.883"
333,1,"1.972","0.684","-1.288","0.537","0.405","0.864"
334,1,"1.983","0.613","-1.370","0.547","0.395","0.829"
335,1,"1.991","0.653","-1.338","0.541","0.400","0.849"
336,1,"1.579","0.719","-0.860","0.523","0.418","0.912"
337,1,"1.186","0.712","-0.475","0.510","0.429","0.957"
338,1,"2.238","0.693","-1.546","0.542","0.400","0.848"
339,1,"1.289","0.715","-0.574","0.514","0.426","0.942"
340,1,"1.341","0.750","-0.590","0.513","0.427","0.948"
341,1,"1.291","0.742","-0.549","0.511","0.429","0.954"
342,1,"4.145","3.115","-1.030","0.336","0.608","1.970"
343,1,"2.259","0.811","-1.448","0.532","0.410","0.883"
344,1,"1.991","0.653","-1.338","0.541","0.400","0.849"
345,1,"2.259","0.811","-1.448","0.532","0.410","0.883"
346,1,"1.341","0.750","-0.590","0.513","0.427","0.948"
347,1,"0.974","0.789","-0.185","0.493","0.446","1.024"
348,1,"2.260","0.809","-1.451","0.532","0.410","0.883"
349,1,"1.290","0.733","-0.557","0.512","0.427","0.949"
350,1,"1.053","0.710","-0.343","0.504","0.435","0.979"
351,1,"3.377","0.684","-2.693","0.565","0.379","0.777"
352,1,"1.289","0.715","-0.574","0.514","0.426","0.942"
353,1,"1.289","0.715","-0.574","0.514","0.426","0.942"
354,1,"1.531","0.716","-0.814","0.522","0.418","0.915"
355,1,"1.183","0.665","-0.518","0.515","0.424","0.936"
356,1,"3.377","0.684","-2.693","0.565","0.379","0.777"
357,1,"1.296","0.812","-0.484","0.506","0.434","0.973"
358,1,"1.536","0.769","-0.767","0.518","0.423","0.932"
359,1,"1.053","0.711","-0.342","0.504","0.435","0.978"
360,1,"2.015","0.805","-1.210","0.527","0.414","0.900"
361,1,"1.560","0.824","-0.737","0.514","0.426","0.945"
362,1,"1.048","0.728","-0.320","0.502","0.437","0.985"
363,1,"1.290","0.733","-0.557","0.512","0.427","0.949"
364,1,"3.377","0.684","-2.693","0.565","0.379","0.777"
365,1,"3.377","0.684","-2.693","0.565","0.379","0.777"
366,1,"1.183","0.665","-0.518","0.515","0.424","0.936"
367,1,"1.536","0.769","-0.767","0.518","0.423","0.932"
368,1,"1.053","0.711","-0.342","0.504","0.435","0.978"
369,1,"6.039","21.412","15.374","0.100","0.840","6.667"
370,1,"1.056","0.760","-0.295","0.500","0.439","0.997"
371,1,"2.259","0.811","-1.448","0.532","0.410","0.883"
372,1,"1.988","0.640","-1.348","0.543","0.399","0.843"
373,1,"1.048","0.728","-0.320","0.502","0.437","0.985"
374,1,"1.065","0.790","-0.275","0.498","0.441","1.003"
375,1,"1.053","0.710","-0.343","0.504","0.435","0.979"
376,1,"1.527","0.735","-0.792","0.520","0.420","0.921"
377,1,"1.291","0.742","-0.549","0.511","0.429","0.954"
378,1,"2.259","0.811","-1.448","0.532","0.410","0.883"
379,1,"8.561","0.813","-7.747","0.834","0.131","0.192"
380,1,"1.289","0.715","-0.574","0.514","0.426","0.942"
381,1,"2.353","4.758","2.405","0.254","0.691","2.849"
382,1,"19.772","13.078","-6.693","0.523","0.323","0.607"
383,1,"2.259","0.811","-1.448","0.532","0.410","0.883"
384,1,"2.557","14.459","11.902","0.070","0.887","10.026"
385,1,"16.682","7.014","-9.667","0.658","0.255","0.435"
386,1,"16.682","7.014","-9.667","0.658","0.255","0.435"
387,1,"10.966","4.482","-6.483","0.633","0.280","0.495"
388,1,"1.630","2.983","1.353","0.268","0.677","2.664"
389,1,"8.345","21.795","13.451","0.139","0.787","4.690"
390,1,"2.259","0.811","-1.448","0.532","0.410","0.883"
391,1,"26.449","19.866","-6.583","0.524","0.260","0.447"
392,1,"10.966","4.482","-6.483","0.633","0.280","0.495"
393,1,"25.374","9.820","-15.554","0.709","0.219","0.357"
394,1,"3.901","11.647","7.746","0.123","0.822","5.858"
395,1,"9.888","16.189","6.301","0.271","0.589","1.826"
396,1,"20.129","11.637","-8.493","0.616","0.270","0.472"
397,1,"2.967","3.175","0.208","0.304","0.639","2.255"
398,1,"2.586","3.056","0.470","0.296","0.648","2.344"
399,1,"2.130","0.706","-1.424","0.538","0.404","0.861"
400,1,"3.901","11.647","7.746","0.123","0.822","5.858"
401,1,"2.904","16.656","13.752","0.048","0.909","12.711"
402,1,"8.053","14.854","6.800","0.198","0.726","3.366"
